Description,Transaction Date,Transaction Time,Tax Type,Transaction Type,Refund Type,Product Title,Product id,Product Type,Sku Id,Hardware,Buyer Country,Buyer State,Buyer Postal Code,Buyer Currency,Amount (Buyer Currency),Currency Conversion Rate,Merchant Currency,Amount (Merchant Currency)
GPA.3332-9710-5998-68514,"Dec 1, 2018",12:55:38 AM PST,,Charge,,Complete guide of Vatican Museums (Vatican Museums Guide Tour),com.tourblink.vaticanmuseums,1,itinerary_one,dreamlte,FR,,31490,EUR,1.74,1.000000,EUR,1.74
GPA.3306-9858-1939-41134,"Dec 1, 2018",2:04:30 AM PST,,Charge,,Guía completa de Museos Vaticanos+Audioguide (Vatican Museums Guide Tour),com.tourblink.vaticanmuseums,1,audioguide_itinerary1,dreamlte,IT,AG,92025,EUR,2.00,1.000000,EUR,2.00
GPA.3348-7295-1666-78588,"Dec 1, 2018",6:50:07 AM PST,,Charge,,Unlock all the itineraries and audioguides (Louvre Guide Tours),com.tourblink.louvre,1,buy_all,dream2lte,FR,,77000,EUR,2.91,1.000000,EUR,2.91
GPA.3325-5818-4943-06585,"Dec 1, 2018",9:43:06 PM PST,,Charge,,Unlock all the itineraries and audioguides (Louvre Guide Tours),com.tourblink.louvre,1,buy_all,marlin,US,WA,98004,USD,5.99,0.883550,EUR,5.29
GPA.3325-5818-4943-06585,"Dec 1, 2018",9:43:06 PM PST,,Google fee,,Unlock all the itineraries and audioguides (Louvre Guide Tours),com.tourblink.louvre,1,buy_all,marlin,US,WA,98004,USD,-1.80,0.883550,EUR,-1.59
GPA.3350-1289-1902-18924,"Dec 2, 2018",2:53:52 AM PST,,Charge,,Montmartre (Paris Guide Tours),com.tourblink.app,1,itinerary_two,herolte,FR,,06400,EUR,0.58,1.000000,EUR,0.58
GPA.3352-8049-2201-12073,"Dec 2, 2018",4:09:23 AM PST,,Charge,,The Louvre in 60 mins + Audioguide (Louvre Guide Tours),com.tourblink.louvre,1,audioguide_itinerary2_new,star2qltesq,US,CA,94947,USD,1.49,0.883550,EUR,1.31
GPA.3352-8049-2201-12073,"Dec 2, 2018",4:09:23 AM PST,,Google fee,,The Louvre in 60 mins + Audioguide (Louvre Guide Tours),com.tourblink.louvre,1,audioguide_itinerary2_new,star2qltesq,US,CA,94947,USD,-0.45,0.883550,EUR,-0.40
GPA.3352-8049-2201-12073,"Dec 2, 2018",4:09:23 AM PST,Third-party Tax,Tax,,The Louvre in 60 mins + Audioguide (Louvre Guide Tours),com.tourblink.louvre,1,audioguide_itinerary2_new,star2qltesq,US,CA,94947,USD,0.12,0.883550,EUR,0.11
GPA.3340-8986-3168-76684,"Dec 2, 2018",6:33:29 AM PST,,Charge,,Les principales chefs d'œuvres (Musée du Louvre visites guidées),com.tourblink.louvre,1,itinerary_one_new,dreamlte,FR,,33000,EUR,1.16,1.000000,EUR,1.16
GPA.3343-5908-9617-92983,"Dec 2, 2018",7:43:25 AM PST,,Charge,,Buy all (Orsay Museum Guide Tours),com.tourblink.museeorsay,1,buy_all,gts210vewifi,DE,,14469,EUR,2.93,1.000000,EUR,2.93
GPA.3384-1480-3650-70081,"Dec 2, 2018",8:16:07 AM PST,,Charge,,Arte en la calle (Roma Guide Tours),com.tourblink.roma,1,itinerary_sixth,star2qltechn,AR,Tucumán,4000,USD,1.12,0.883550,EUR,0.99
GPA.3384-1480-3650-70081,"Dec 2, 2018",8:16:07 AM PST,,Google fee,,Arte en la calle (Roma Guide Tours),com.tourblink.roma,1,itinerary_sixth,star2qltechn,AR,Tucumán,4000,USD,-0.34,0.883550,EUR,-0.30
GPA.3393-4794-2828-92744,"Dec 3, 2018",2:14:59 AM PST,,Charge,,Louvre in half day (BR) (Louvre Guide Tours),com.tourblink.louvre,1,itinerary_fifth_new,dreamlte,BR,DF,70680250,BRL,12.99,0.227430,EUR,2.95
GPA.3393-4794-2828-92744,"Dec 3, 2018",2:14:59 AM PST,,Google fee,,Louvre in half day (BR) (Louvre Guide Tours),com.tourblink.louvre,1,itinerary_fifth_new,dreamlte,BR,DF,70680250,BRL,-3.90,0.227430,EUR,-0.89
GPA.3393-4794-2828-92744,"Dec 3, 2018",2:14:59 AM PST,Brazil CIDE Withholding Tax,Tax,,Louvre in half day (BR) (Louvre Guide Tours),com.tourblink.louvre,1,itinerary_fifth_new,dreamlte,BR,DF,70680250,EUR,0.09,1.000000,EUR,0.09
GPA.3393-4794-2828-92744,"Dec 3, 2018",2:14:59 AM PST,Brazil CIDE Withholding Tax,Tax,,Louvre in half day (BR) (Louvre Guide Tours),com.tourblink.louvre,1,itinerary_fifth_new,dreamlte,BR,DF,70680250,EUR,-0.30,1.000000,EUR,-0.30
GPA.3393-4794-2828-92744,"Dec 3, 2018",2:14:59 AM PST,Brazil IRRF Withholding Tax,Tax,,Louvre in half day (BR) (Louvre Guide Tours),com.tourblink.louvre,1,itinerary_fifth_new,dreamlte,BR,DF,70680250,EUR,-0.44,1.000000,EUR,-0.44
GPA.3393-4794-2828-92744,"Dec 3, 2018",2:14:59 AM PST,Brazil IRRF Withholding Tax,Tax,,Louvre in half day (BR) (Louvre Guide Tours),com.tourblink.louvre,1,itinerary_fifth_new,dreamlte,BR,DF,70680250,EUR,0.13,1.000000,EUR,0.13
GPA.3323-8470-8802-35799,"Dec 3, 2018",3:31:05 AM PST,,Charge,,"Le Louvre dans une demie journée (Paris visites guidées, tours et guide)",com.tourblink.app,1,itinerary_fifth,herolte,FR,,06400,EUR,1.74,1.000000,EUR,1.74
GPA.3345-7255-0317-44431,"Dec 3, 2018",4:34:03 AM PST,,Charge,,Unlock all the itineraries and audioguides (Louvre Guide Tours),com.tourblink.louvre,1,buy_all,starlte,IT,PI,56123,EUR,2.86,1.000000,EUR,2.86
GPA.3339-0203-6569-14790,"Dec 4, 2018",9:38:03 AM PST,,Charge,,Montmartre (Paris Guide Tours),com.tourblink.app,1,itinerary_two,HWFRD,FR,,75014,EUR,0.58,1.000000,EUR,0.58
GPA.3344-3475-2935-47908,"Dec 4, 2018",11:54:18 AM PST,,Charge,,Louvre in half day (FR) (Musée du Louvre visites guidées),com.tourblink.louvre,1,itinerary_fifth_new,OnePlus3T,FR,,47200,EUR,1.74,1.000000,EUR,1.74
GPA.3320-0390-3509-79754,"Dec 4, 2018",11:48:44 PM PST,,Charge,,Guía completa de Museos Vaticanos+Audioguide (Vatican Museums Guide Tour),com.tourblink.vaticanmuseums,1,audioguide_itinerary1,HWBND-H,US,MN,55447,USD,3.99,0.883400,EUR,3.52
GPA.3320-0390-3509-79754,"Dec 4, 2018",11:48:44 PM PST,,Google fee,,Guía completa de Museos Vaticanos+Audioguide (Vatican Museums Guide Tour),com.tourblink.vaticanmuseums,1,audioguide_itinerary1,HWBND-H,US,MN,55447,USD,-1.20,0.883400,EUR,-1.06
GPA.3312-6672-7980-00504,"Dec 5, 2018",2:59:27 AM PST,,Charge,,Louvre in half day (BR) (Louvre Guide Tours),com.tourblink.louvre,1,itinerary_fifth_new,ASUS_Z012D,BR,MS,79032181,BRL,12.99,0.229130,EUR,2.98
GPA.3312-6672-7980-00504,"Dec 5, 2018",2:59:27 AM PST,,Google fee,,Louvre in half day (BR) (Louvre Guide Tours),com.tourblink.louvre,1,itinerary_fifth_new,ASUS_Z012D,BR,MS,79032181,BRL,-3.90,0.229130,EUR,-0.89
GPA.3312-6672-7980-00504,"Dec 5, 2018",2:59:27 AM PST,Brazil CIDE Withholding Tax,Tax,,Louvre in half day (BR) (Louvre Guide Tours),com.tourblink.louvre,1,itinerary_fifth_new,ASUS_Z012D,BR,MS,79032181,EUR,-0.29,1.000000,EUR,-0.29
GPA.3312-6672-7980-00504,"Dec 5, 2018",2:59:27 AM PST,Brazil CIDE Withholding Tax,Tax,,Louvre in half day (BR) (Louvre Guide Tours),com.tourblink.louvre,1,itinerary_fifth_new,ASUS_Z012D,BR,MS,79032181,EUR,0.09,1.000000,EUR,0.09
GPA.3312-6672-7980-00504,"Dec 5, 2018",2:59:27 AM PST,Brazil IRRF Withholding Tax,Tax,,Louvre in half day (BR) (Louvre Guide Tours),com.tourblink.louvre,1,itinerary_fifth_new,ASUS_Z012D,BR,MS,79032181,EUR,-0.45,1.000000,EUR,-0.45
GPA.3312-6672-7980-00504,"Dec 5, 2018",2:59:27 AM PST,Brazil IRRF Withholding Tax,Tax,,Louvre in half day (BR) (Louvre Guide Tours),com.tourblink.louvre,1,itinerary_fifth_new,ASUS_Z012D,BR,MS,79032181,EUR,0.14,1.000000,EUR,0.14
GPA.3313-2613-6793-83381,"Dec 5, 2018",3:14:25 AM PST,,Charge,,Unlock all the itineraries and audioguides (Louvre Guide Tours),com.tourblink.louvre,1,buy_all,ASUS_Z01M_1,BR,MS,79032181,BRL,23.99,0.229130,EUR,5.50
GPA.3313-2613-6793-83381,"Dec 5, 2018",3:14:25 AM PST,,Google fee,,Unlock all the itineraries and audioguides (Louvre Guide Tours),com.tourblink.louvre,1,buy_all,ASUS_Z01M_1,BR,MS,79032181,BRL,-7.20,0.229130,EUR,-1.65
GPA.3313-2613-6793-83381,"Dec 5, 2018",3:14:25 AM PST,Brazil CIDE Withholding Tax,Tax,,Unlock all the itineraries and audioguides (Louvre Guide Tours),com.tourblink.louvre,1,buy_all,ASUS_Z01M_1,BR,MS,79032181,EUR,-0.56,1.000000,EUR,-0.56
GPA.3313-2613-6793-83381,"Dec 5, 2018",3:14:25 AM PST,Brazil CIDE Withholding Tax,Tax,,Unlock all the itineraries and audioguides (Louvre Guide Tours),com.tourblink.louvre,1,buy_all,ASUS_Z01M_1,BR,MS,79032181,EUR,0.17,1.000000,EUR,0.17
GPA.3313-2613-6793-83381,"Dec 5, 2018",3:14:25 AM PST,Brazil IRRF Withholding Tax,Tax,,Unlock all the itineraries and audioguides (Louvre Guide Tours),com.tourblink.louvre,1,buy_all,ASUS_Z01M_1,BR,MS,79032181,EUR,-0.83,1.000000,EUR,-0.83
GPA.3313-2613-6793-83381,"Dec 5, 2018",3:14:25 AM PST,Brazil IRRF Withholding Tax,Tax,,Unlock all the itineraries and audioguides (Louvre Guide Tours),com.tourblink.louvre,1,buy_all,ASUS_Z01M_1,BR,MS,79032181,EUR,0.25,1.000000,EUR,0.25
GPA.3363-1995-3405-72958,"Dec 5, 2018",3:50:46 AM PST,,Charge,,Audioguide + Itinerary Louvre in half day (EN) (Louvre Guide Tours),com.tourblink.louvre,1,audioguide_itinerary5_new,sagit,IT,CN,12037,EUR,2.00,1.000000,EUR,2.00
GPA.3393-7259-0445-05745,"Dec 5, 2018",5:26:45 AM PST,,Charge,,Lo mejor del museo del Prado (El Prado Museum Guide Tours & Audioguide),com.tourblink.museoelprado,1,itinerary_two,HWFRD,ES,TOLEDO,45003,EUR,1.15,1.000000,EUR,1.15
GPA.3369-7249-0973-70281,"Dec 5, 2018",5:44:48 AM PST,,Charge,,Lo mejor del museo del Prado (El Prado Museum Guide Tours & Audioguide),com.tourblink.museoelprado,1,itinerary_two,hwALE-H,ES,MADRID,28047,EUR,1.15,1.000000,EUR,1.15
GPA.3369-7249-0973-70281,"Dec 5, 2018",6:22:57 AM PST,,Charge refund,Full,Lo mejor del museo del Prado (El Prado Museum Guide Tours & Audioguide),com.tourblink.museoelprado,1,itinerary_two,hwALE-H,ES,MADRID,28047,EUR,-1.15,1.000000,EUR,-1.15
GPA.3370-5704-3053-84452,"Dec 5, 2018",10:59:38 AM PST,,Charge,,Unlock all the itineraries and audioguides (Louvre Guide Tours),com.tourblink.louvre,1,buy_all,star2lte,IT,FG,71100,EUR,2.86,1.000000,EUR,2.86
GPA.3362-3341-5917-18500,"Dec 5, 2018",12:28:34 PM PST,,Charge,,Audioguide + Itinerary Louvre in half day (EN) (Louvre Guide Tours),com.tourblink.louvre,1,audioguide_itinerary5_new,tissot_sprout,IT,CN,12037,EUR,2.00,1.000000,EUR,2.00
GPA.3331-7347-8069-84745,"Dec 5, 2018",12:30:36 PM PST,,Charge,,Orsay en 3 horas+audio (Louvre Guide Tours),com.tourblink.louvre,1,audioguide_itinerary10,tissot_sprout,IT,CN,12037,EUR,2.00,1.000000,EUR,2.00
GPA.3369-0158-6567-83784,"Dec 5, 2018",12:33:01 PM PST,,Charge,,Orsay en 3 horas+audio (Louvre Guide Tours),com.tourblink.louvre,1,audioguide_itinerary10,sagit,IT,CN,12037,EUR,2.00,1.000000,EUR,2.00
GPA.3358-3208-1484-51212,"Dec 5, 2018",2:35:52 PM PST,,Charge,,Louvre in half day (FR) (Musée du Louvre visites guidées),com.tourblink.louvre,1,itinerary_fifth_new,polaris,FR,,97400,EUR,1.74,1.000000,EUR,1.74
GPA.3329-0256-5898-48011,"Dec 6, 2018",3:20:14 AM PST,,Charge,,The most important of the gardens (Gardens of Versailles Guide Tours),com.tourblink.versailles,1,itinerary_one,ASUS_Z01M_1,BR,MS,79032181,BRL,4.39,0.228120,EUR,1.00
GPA.3329-0256-5898-48011,"Dec 6, 2018",3:20:14 AM PST,,Google fee,,The most important of the gardens (Gardens of Versailles Guide Tours),com.tourblink.versailles,1,itinerary_one,ASUS_Z01M_1,BR,MS,79032181,BRL,-1.32,0.228120,EUR,-0.30
GPA.3329-0256-5898-48011,"Dec 6, 2018",3:20:14 AM PST,Brazil CIDE Withholding Tax,Tax,,The most important of the gardens (Gardens of Versailles Guide Tours),com.tourblink.versailles,1,itinerary_one,ASUS_Z01M_1,BR,MS,79032181,EUR,0.03,1.000000,EUR,0.03
GPA.3329-0256-5898-48011,"Dec 6, 2018",3:20:14 AM PST,Brazil CIDE Withholding Tax,Tax,,The most important of the gardens (Gardens of Versailles Guide Tours),com.tourblink.versailles,1,itinerary_one,ASUS_Z01M_1,BR,MS,79032181,EUR,-0.10,1.000000,EUR,-0.10
GPA.3329-0256-5898-48011,"Dec 6, 2018",3:20:14 AM PST,Brazil IRRF Withholding Tax,Tax,,The most important of the gardens (Gardens of Versailles Guide Tours),com.tourblink.versailles,1,itinerary_one,ASUS_Z01M_1,BR,MS,79032181,EUR,0.05,1.000000,EUR,0.05
GPA.3329-0256-5898-48011,"Dec 6, 2018",3:20:14 AM PST,Brazil IRRF Withholding Tax,Tax,,The most important of the gardens (Gardens of Versailles Guide Tours),com.tourblink.versailles,1,itinerary_one,ASUS_Z01M_1,BR,MS,79032181,EUR,-0.16,1.000000,EUR,-0.16
GPA.3304-7325-4493-97281,"Dec 6, 2018",4:16:51 AM PST,,Charge,,Una selección de las obras más importantes+Audiguide (Vatican Museums Guide Tour),com.tourblink.vaticanmuseums,1,audioguide_itinerary2,jackpot2lte,IL,,1923200,ILS,12.90,0.236550,EUR,3.05
GPA.3304-7325-4493-97281,"Dec 6, 2018",4:16:51 AM PST,,Google fee,,Una selección de las obras más importantes+Audiguide (Vatican Museums Guide Tour),com.tourblink.vaticanmuseums,1,audioguide_itinerary2,jackpot2lte,IL,,1923200,ILS,-3.90,0.236550,EUR,-0.92
GPA.3366-9412-2589-81019,"Dec 6, 2018",7:00:01 AM PST,,Charge,,Una selección de las obras más importantes+Audiguide (Vatican Museums Guide Tour),com.tourblink.vaticanmuseums,1,audioguide_itinerary2,hwALE-H,ES,MADRID,28047,EUR,1.73,1.000000,EUR,1.73
GPA.3366-9412-2589-81019,"Dec 6, 2018",7:07:21 AM PST,,Charge refund,Full,Una selección de las obras más importantes+Audiguide (Vatican Museums Guide Tour),com.tourblink.vaticanmuseums,1,audioguide_itinerary2,hwALE-H,ES,MADRID,28047,EUR,-1.73,1.000000,EUR,-1.73
GPA.3312-6516-8065-18512,"Dec 6, 2018",7:19:13 AM PST,,Charge,,Unlock all the itineraries and audioguides (Louvre Guide Tours),com.tourblink.louvre,1,buy_all,HS8937QC,FR,,95160,EUR,2.91,1.000000,EUR,2.91
GPA.3336-6118-1223-72840,"Dec 6, 2018",7:45:56 AM PST,,Charge,,Buy all (Vatican Museums Guide Tour),com.tourblink.vaticanmuseums,1,buy_all,taimen,IT,SI,53100,EUR,2.86,1.000000,EUR,2.86
GPA.3382-7183-2599-90311,"Dec 6, 2018",8:32:32 AM PST,,Charge,,Un rapida visita por El Prado (El Prado Museum Guide Tours & Audioguide),com.tourblink.museoelprado,1,itinerary_one,idol3,ES,BARCELONA,08950,EUR,0.57,1.000000,EUR,0.57
GPA.3351-7270-3939-52881,"Dec 6, 2018",10:52:22 PM PST,,Charge,,Visita express del Museo Británico (British Museum Guided Tours),com.tourblink.britishmuseum,1,itinerary_one,hwALE-H,ES,MADRID,28047,EUR,0.57,1.000000,EUR,0.57
GPA.3338-4951-1460-09275,"Dec 6, 2018",10:52:46 PM PST,,Charge,,Lo principal del Museo Británico (British Museum Guided Tours),com.tourblink.britishmuseum,1,itinerary_two,hwALE-H,ES,MADRID,28047,EUR,1.15,1.000000,EUR,1.15
GPA.3338-4951-1460-09275,"Dec 6, 2018",11:33:12 PM PST,,Charge refund,Full,Lo principal del Museo Británico (British Museum Guided Tours),com.tourblink.britishmuseum,1,itinerary_two,hwALE-H,ES,MADRID,28047,EUR,-1.15,1.000000,EUR,-1.15
GPA.3351-7270-3939-52881,"Dec 6, 2018",11:33:12 PM PST,,Charge refund,Full,Visita express del Museo Británico (British Museum Guided Tours),com.tourblink.britishmuseum,1,itinerary_one,hwALE-H,ES,MADRID,28047,EUR,-0.57,1.000000,EUR,-0.57
GPA.3340-6485-9123-40315,"Dec 7, 2018",2:14:27 AM PST,,Charge,,Lo mejor del museo del Prado (El Prado Museum Guide Tours & Audioguide),com.tourblink.museoelprado,1,itinerary_two,Aquaris_X5_Plus,ES,VIZCAYA,48003,EUR,1.15,1.000000,EUR,1.15
GPA.3319-5052-2854-11800,"Dec 7, 2018",3:47:23 AM PST,,Charge,,Guía completa de Museos Vaticanos+Audioguide (Vatican Museums Guide Tour),com.tourblink.vaticanmuseums,1,audioguide_itinerary1,athene_f,IE,CO. DUBLIN,D08 Y8DD,EUR,1.99,1.000000,EUR,1.99
GPA.3380-5338-9960-64927,"Dec 7, 2018",3:50:30 AM PST,,Charge,,Beyonce en el museo (Louvre Guide Tours),com.tourblink.louvre,1,itinerary_nine,htc_ocndugl,IT,MI,20128,EUR,1.14,1.000000,EUR,1.14
GPA.3304-7325-4493-97281,"Dec 7, 2018",4:35:12 AM PST,,Charge refund,Full,Una selección de las obras más importantes+Audiguide (Vatican Museums Guide Tour),com.tourblink.vaticanmuseums,1,audioguide_itinerary2,jackpot2lte,IL,,1923200,ILS,-12.90,0.236550,EUR,-3.05
GPA.3304-7325-4493-97281,"Dec 7, 2018",4:35:12 AM PST,,Google fee refund,Full,Una selección de las obras más importantes+Audiguide (Vatican Museums Guide Tour),com.tourblink.vaticanmuseums,1,audioguide_itinerary2,jackpot2lte,IL,,1923200,ILS,3.90,0.236550,EUR,0.92
GPA.3368-1633-8248-86613,"Dec 7, 2018",10:37:48 AM PST,,Charge,,Moscow: Historical center in 2 hours (Moscow Guide Tours),com.tourblink.moscow,1,itinerary_two,OnePlus5,FR,,59410,EUR,1.16,1.000000,EUR,1.16
GPA.3335-2006-4914-45690,"Dec 7, 2018",7:47:59 PM PST,,Charge,,Audioguide + Itinerary Louvre in half day (EN) (Louvre Guide Tours),com.tourblink.louvre,1,audioguide_itinerary5_new,scorpio,ES,ALICANTE,03193,EUR,2.02,1.000000,EUR,2.02
GPA.3338-4876-7495-83691,"Dec 7, 2018",11:09:28 PM PST,,Charge,,Unlock all the itineraries and audioguides (Paris Guide Tours),com.tourblink.app,1,buy_all,herolte,FR,,31400,EUR,2.91,1.000000,EUR,2.91
GPA.3324-5122-4503-59826,"Dec 7, 2018",11:15:53 PM PST,,Charge,,Mäelle's Père Lachaise + Audioguide (Pere Lachaise Guide Tours),com.tourblink.perelachaise,1,audioguide_itinerary1,herolte,FR,,31400,EUR,0.87,1.000000,EUR,0.87
GPA.3335-2027-9874-28128,"Dec 8, 2018",12:02:11 AM PST,,Charge,,Montmartre + Audioguide (Paris Guide Tours),com.tourblink.app,1,audioguide_itinerary2,lucye,ES,CÁDIZ,11007,EUR,1.15,1.000000,EUR,1.15
GPA.3300-4000-5707-82632,"Dec 8, 2018",1:57:42 AM PST,,Charge,,Lo mejor del museo del Prado (El Prado Museum Guide Tours & Audioguide),com.tourblink.museoelprado,1,itinerary_two,blueline,US,MN,55416,USD,2.49,0.877700,EUR,2.19
GPA.3300-4000-5707-82632,"Dec 8, 2018",1:57:42 AM PST,,Google fee,,Lo mejor del museo del Prado (El Prado Museum Guide Tours & Audioguide),com.tourblink.museoelprado,1,itinerary_two,blueline,US,MN,55416,USD,-0.75,0.877700,EUR,-0.66
GPA.3377-9803-1500-41912,"Dec 8, 2018",2:50:53 AM PST,,Charge,,Un rapida visita por El Prado (El Prado Museum Guide Tours & Audioguide),com.tourblink.museoelprado,1,itinerary_one,whyred,IT,TE,64026,EUR,0.57,1.000000,EUR,0.57
GPA.3327-2937-9775-22952,"Dec 8, 2018",4:47:20 AM PST,,Charge,,Buy all (Gardens of Versailles Guide Tours),com.tourblink.versailles,1,buy_all,HWLLD-H,FR,,20090,EUR,2.91,1.000000,EUR,2.91
GPA.3319-8948-6237-19514,"Dec 8, 2018",5:15:47 AM PST,,Charge,,El Centro histórico de Paris (Gardens of Versailles Guide Tours),com.tourblink.versailles,1,itinerary_two,HWLLD-H,FR,,20090,EUR,0.58,1.000000,EUR,0.58
GPA.3367-1537-3019-57295,"Dec 8, 2018",6:32:44 AM PST,,Charge,,Buy all (Gardens of Versailles Guide Tours),com.tourblink.versailles,1,buy_all,hwALE-H,ES,MADRID,28047,EUR,2.88,1.000000,EUR,2.88
GPA.3394-9138-2164-26526,"Dec 8, 2018",7:17:34 AM PST,,Charge,,Montmartre (Gardens of Versailles Guide Tours),com.tourblink.versailles,1,itinerary_three,hwALE-H,ES,MADRID,28047,EUR,0.57,1.000000,EUR,0.57
GPA.3367-1537-3019-57295,"Dec 8, 2018",7:25:53 AM PST,,Charge refund,Full,Buy all (Gardens of Versailles Guide Tours),com.tourblink.versailles,1,buy_all,hwALE-H,ES,MADRID,28047,EUR,-2.88,1.000000,EUR,-2.88
GPA.3394-9138-2164-26526,"Dec 8, 2018",7:25:53 AM PST,,Charge refund,Full,Montmartre (Gardens of Versailles Guide Tours),com.tourblink.versailles,1,itinerary_three,hwALE-H,ES,MADRID,28047,EUR,-0.57,1.000000,EUR,-0.57
GPA.3319-8948-6237-19514,"Dec 8, 2018",7:27:00 AM PST,,Charge refund,Full,El Centro histórico de Paris (Gardens of Versailles Guide Tours),com.tourblink.versailles,1,itinerary_two,HWLLD-H,FR,,20090,EUR,-0.58,1.000000,EUR,-0.58
GPA.3356-9519-6897-44350,"Dec 8, 2018",11:53:16 AM PST,,Charge,,Unlock all the itineraries and audioguides (Louvre Guide Tours),com.tourblink.louvre,1,buy_all,a5y17lte,FR,,75017,EUR,2.91,1.000000,EUR,2.91
GPA.3362-6434-7542-82258,"Dec 8, 2018",2:36:54 PM PST,,Charge,,Buy all (Orsay Museum Guide Tours),com.tourblink.museeorsay,1,buy_all,herolte,FR,,31400,EUR,2.91,1.000000,EUR,2.91
GPA.3352-5408-2181-02014,"Dec 9, 2018",1:47:21 AM PST,,Charge,,Montmartre (Paris Guide Tours),com.tourblink.app,1,itinerary_two,a6lte,DE,,73734,EUR,0.58,1.000000,EUR,0.58
GPA.3399-7450-8090-74889,"Dec 9, 2018",1:48:25 AM PST,,Charge,,The historic heart of Paris (Paris Guide Tours),com.tourblink.app,1,itinerary_one,a6lte,DE,,73734,EUR,0.58,1.000000,EUR,0.58
GPA.3382-7039-2313-02847,"Dec 9, 2018",9:53:35 AM PST,,Charge,,The historic heart of Paris (Paris Guide Tours),com.tourblink.app,1,itinerary_one,dream2lte,DE,,73734,EUR,0.58,1.000000,EUR,0.58
GPA.3383-5887-0281-20491,"Dec 9, 2018",9:54:09 AM PST,,Charge,,Montmartre (Paris Guide Tours),com.tourblink.app,1,itinerary_two,dream2lte,DE,,73734,EUR,0.58,1.000000,EUR,0.58
GPA.3320-2680-4971-27312,"Dec 9, 2018",11:34:34 AM PST,,Charge,,Unlock all the itineraries and audioguides (Paris Guide Tours),com.tourblink.app,1,buy_all,HWLLD-H,IT,MB,20841,EUR,2.86,1.000000,EUR,2.86
GPA.3333-0987-7855-91673,"Dec 10, 2018",2:58:50 AM PST,,Charge,,Unlock all the itineraries and audioguides (Paris Guide Tours),com.tourblink.app,1,buy_all,a3y17lte,IT,VA,21040,EUR,2.86,1.000000,EUR,2.86
GPA.3385-8375-4630-32332,"Dec 10, 2018",4:32:40 AM PST,,Charge,,The most important masterpieces+Audioguide (Louvre Guide Tours),com.tourblink.louvre,1,audioguide_itinerary1_new,star2lte,ID,,80228,IDR,51000.00,0.000060,EUR,3.07
GPA.3385-8375-4630-32332,"Dec 10, 2018",4:32:40 AM PST,,Google fee,,The most important masterpieces+Audioguide (Louvre Guide Tours),com.tourblink.louvre,1,audioguide_itinerary1_new,star2lte,ID,,80228,IDR,-15300.00,0.000060,EUR,-0.92
GPA.3364-5527-2675-53009,"Dec 10, 2018",4:35:06 AM PST,,Charge,,Unlock all the itineraries and audioguides (Louvre Guide Tours),com.tourblink.louvre,1,buy_all,star2lte,ID,,80228,IDR,87000.00,0.000060,EUR,5.24
GPA.3364-5527-2675-53009,"Dec 10, 2018",4:35:06 AM PST,,Google fee,,Unlock all the itineraries and audioguides (Louvre Guide Tours),com.tourblink.louvre,1,buy_all,star2lte,ID,,80228,IDR,-26100.00,0.000060,EUR,-1.57
GPA.3370-1671-2734-12527,"Dec 10, 2018",6:02:31 AM PST,,Charge,,The most important masterpieces+Audioguide (Louvre Guide Tours),com.tourblink.louvre,1,audioguide_itinerary1_new,marlin,US,NJ,07869,USD,3.49,0.875500,EUR,3.06
GPA.3370-1671-2734-12527,"Dec 10, 2018",6:02:31 AM PST,,Google fee,,The most important masterpieces+Audioguide (Louvre Guide Tours),com.tourblink.louvre,1,audioguide_itinerary1_new,marlin,US,NJ,07869,USD,-1.05,0.875500,EUR,-0.92
GPA.3370-1671-2734-12527,"Dec 10, 2018",6:02:31 AM PST,Third-party Tax,Tax,,The most important masterpieces+Audioguide (Louvre Guide Tours),com.tourblink.louvre,1,audioguide_itinerary1_new,marlin,US,NJ,07869,USD,0.23,0.875500,EUR,0.20
GPA.3360-9627-1987-79794,"Dec 11, 2018",3:14:50 AM PST,,Charge,,Buy all (Vatican Museums Guide Tour),com.tourblink.vaticanmuseums,1,buy_all,hwRIO-L01,ES,CÁDIZ,11401,EUR,2.88,1.000000,EUR,2.88
GPA.3377-9154-3866-70500,"Dec 11, 2018",3:58:14 PM PST,,Charge,,Le Louvre en 60 minutes (Musée du Louvre visites guidées),com.tourblink.louvre,1,itinerary_two_new,whyred,FR,,92100,EUR,0.58,1.000000,EUR,0.58
GPA.3302-9528-5201-96651,"Dec 11, 2018",11:45:35 PM PST,,Charge,,Guía completa de Museos Vaticanos+Audioguide (Vatican Museums Guide Tour),com.tourblink.vaticanmuseums,1,audioguide_itinerary1,greatlte,AU,,4215,AUD,4.99,0.636470,EUR,3.18
GPA.3302-9528-5201-96651,"Dec 11, 2018",11:45:35 PM PST,,Google fee,,Guía completa de Museos Vaticanos+Audioguide (Vatican Museums Guide Tour),com.tourblink.vaticanmuseums,1,audioguide_itinerary1,greatlte,AU,,4215,AUD,-1.50,0.636470,EUR,-0.95
GPA.3328-5173-4699-81314,"Dec 12, 2018",1:33:15 AM PST,,Charge,,Unlock all the itineraries and audioguides (Louvre Guide Tours),com.tourblink.louvre,1,buy_all,dream2lte,IT,MI,20020,EUR,2.86,1.000000,EUR,2.86
GPA.3382-8396-7419-25124,"Dec 12, 2018",5:58:41 AM PST,,Charge,,Unlock all the itineraries and audioguides (Louvre Guide Tours),com.tourblink.louvre,1,buy_all,zerolte,BR,RJ,20520160,BRL,23.99,0.226660,EUR,5.44
GPA.3382-8396-7419-25124,"Dec 12, 2018",5:58:41 AM PST,,Google fee,,Unlock all the itineraries and audioguides (Louvre Guide Tours),com.tourblink.louvre,1,buy_all,zerolte,BR,RJ,20520160,BRL,-7.20,0.226660,EUR,-1.63
GPA.3382-8396-7419-25124,"Dec 12, 2018",5:58:41 AM PST,Brazil CIDE Withholding Tax,Tax,,Unlock all the itineraries and audioguides (Louvre Guide Tours),com.tourblink.louvre,1,buy_all,zerolte,BR,RJ,20520160,EUR,-0.54,1.000000,EUR,-0.54
GPA.3382-8396-7419-25124,"Dec 12, 2018",5:58:41 AM PST,Brazil CIDE Withholding Tax,Tax,,Unlock all the itineraries and audioguides (Louvre Guide Tours),com.tourblink.louvre,1,buy_all,zerolte,BR,RJ,20520160,EUR,0.16,1.000000,EUR,0.16
GPA.3382-8396-7419-25124,"Dec 12, 2018",5:58:41 AM PST,Brazil IRRF Withholding Tax,Tax,,Unlock all the itineraries and audioguides (Louvre Guide Tours),com.tourblink.louvre,1,buy_all,zerolte,BR,RJ,20520160,EUR,0.24,1.000000,EUR,0.24
GPA.3382-8396-7419-25124,"Dec 12, 2018",5:58:41 AM PST,Brazil IRRF Withholding Tax,Tax,,Unlock all the itineraries and audioguides (Louvre Guide Tours),com.tourblink.louvre,1,buy_all,zerolte,BR,RJ,20520160,EUR,-0.81,1.000000,EUR,-0.81
GPA.3336-4320-4727-33739,"Dec 13, 2018",12:12:31 AM PST,,Charge,,Montmartre + Audioguia (Louvre. Roteiros offline com áudioguia),com.tourblink.louvre,1,audioguide_itinerary8,a6plte,BR,SC,88790000,BRL,8.99,0.228220,EUR,2.05
GPA.3336-4320-4727-33739,"Dec 13, 2018",12:12:31 AM PST,,Google fee,,Montmartre + Audioguia (Louvre. Roteiros offline com áudioguia),com.tourblink.louvre,1,audioguide_itinerary8,a6plte,BR,SC,88790000,BRL,-2.70,0.228220,EUR,-0.62
GPA.3336-4320-4727-33739,"Dec 13, 2018",12:12:31 AM PST,Brazil CIDE Withholding Tax,Tax,,Montmartre + Audioguia (Louvre. Roteiros offline com áudioguia),com.tourblink.louvre,1,audioguide_itinerary8,a6plte,BR,SC,88790000,EUR,-0.20,1.000000,EUR,-0.20
GPA.3336-4320-4727-33739,"Dec 13, 2018",12:12:31 AM PST,Brazil CIDE Withholding Tax,Tax,,Montmartre + Audioguia (Louvre. Roteiros offline com áudioguia),com.tourblink.louvre,1,audioguide_itinerary8,a6plte,BR,SC,88790000,EUR,0.06,1.000000,EUR,0.06
GPA.3336-4320-4727-33739,"Dec 13, 2018",12:12:31 AM PST,Brazil IRRF Withholding Tax,Tax,,Montmartre + Audioguia (Louvre. Roteiros offline com áudioguia),com.tourblink.louvre,1,audioguide_itinerary8,a6plte,BR,SC,88790000,EUR,-0.31,1.000000,EUR,-0.31
GPA.3336-4320-4727-33739,"Dec 13, 2018",12:12:31 AM PST,Brazil IRRF Withholding Tax,Tax,,Montmartre + Audioguia (Louvre. Roteiros offline com áudioguia),com.tourblink.louvre,1,audioguide_itinerary8,a6plte,BR,SC,88790000,EUR,0.10,1.000000,EUR,0.10
GPA.3385-7108-3043-80233,"Dec 13, 2018",11:51:04 AM PST,,Charge,,Unlock all the itineraries and audioguides (Louvre Guide Tours),com.tourblink.louvre,1,buy_all,cedric,BR,SC,89012130,BRL,23.99,0.226820,EUR,5.44
GPA.3385-7108-3043-80233,"Dec 13, 2018",11:51:04 AM PST,,Google fee,,Unlock all the itineraries and audioguides (Louvre Guide Tours),com.tourblink.louvre,1,buy_all,cedric,BR,SC,89012130,BRL,-7.20,0.226820,EUR,-1.63
GPA.3385-7108-3043-80233,"Dec 13, 2018",11:51:04 AM PST,Brazil CIDE Withholding Tax,Tax,,Unlock all the itineraries and audioguides (Louvre Guide Tours),com.tourblink.louvre,1,buy_all,cedric,BR,SC,89012130,EUR,-0.55,1.000000,EUR,-0.55
GPA.3385-7108-3043-80233,"Dec 13, 2018",11:51:04 AM PST,Brazil CIDE Withholding Tax,Tax,,Unlock all the itineraries and audioguides (Louvre Guide Tours),com.tourblink.louvre,1,buy_all,cedric,BR,SC,89012130,EUR,0.17,1.000000,EUR,0.17
GPA.3385-7108-3043-80233,"Dec 13, 2018",11:51:04 AM PST,Brazil IRRF Withholding Tax,Tax,,Unlock all the itineraries and audioguides (Louvre Guide Tours),com.tourblink.louvre,1,buy_all,cedric,BR,SC,89012130,EUR,0.25,1.000000,EUR,0.25
GPA.3385-7108-3043-80233,"Dec 13, 2018",11:51:04 AM PST,Brazil IRRF Withholding Tax,Tax,,Unlock all the itineraries and audioguides (Louvre Guide Tours),com.tourblink.louvre,1,buy_all,cedric,BR,SC,89012130,EUR,-0.82,1.000000,EUR,-0.82
GPA.3347-8616-4684-70438,"Dec 14, 2018",12:50:36 AM PST,,Charge,,Orsay en vaste (Musée d'Orsay visites guidées),com.tourblink.museeorsay,1,itinerary_two,HWBLN-H,FR,,67450,EUR,1.16,1.000000,EUR,1.16
GPA.3371-9281-9901-24275,"Dec 14, 2018",12:58:50 AM PST,,Charge,,The most important masterpieces+Audioguide (Louvre Guide Tours),com.tourblink.louvre,1,audioguide_itinerary1_new,jackpotlte,IT,VE,30010,EUR,1.72,1.000000,EUR,1.72
GPA.3374-5851-9053-87951,"Dec 14, 2018",3:19:52 AM PST,,Charge,,Un rapida visita por El Prado (El Prado Museum Guide Tours & Audioguide),com.tourblink.museoelprado,1,itinerary_one,hero2qltetmo,US,OH,45242,USD,1.49,0.885500,EUR,1.32
GPA.3374-5851-9053-87951,"Dec 14, 2018",3:19:52 AM PST,,Google fee,,Un rapida visita por El Prado (El Prado Museum Guide Tours & Audioguide),com.tourblink.museoelprado,1,itinerary_one,hero2qltetmo,US,OH,45242,USD,-0.45,0.885500,EUR,-0.40
GPA.3374-5851-9053-87951,"Dec 14, 2018",3:19:52 AM PST,Third-party Tax,Tax,,Un rapida visita por El Prado (El Prado Museum Guide Tours & Audioguide),com.tourblink.museoelprado,1,itinerary_one,hero2qltetmo,US,OH,45242,USD,0.10,0.885500,EUR,0.09
GPA.3332-0764-8213-97346,"Dec 14, 2018",4:53:00 AM PST,,Charge,,Audioguide + Itinerary Louvre in half day (EN) (Louvre Guide Tours),com.tourblink.louvre,1,audioguide_itinerary5_new,payton_sprout,US,MA,02108,USD,3.99,0.885100,EUR,3.53
GPA.3332-0764-8213-97346,"Dec 14, 2018",4:53:00 AM PST,,Google fee,,Audioguide + Itinerary Louvre in half day (EN) (Louvre Guide Tours),com.tourblink.louvre,1,audioguide_itinerary5_new,payton_sprout,US,MA,02108,USD,-1.20,0.885100,EUR,-1.06
GPA.3332-0764-8213-97346,"Dec 14, 2018",4:53:00 AM PST,Third-party Tax,Tax,,Audioguide + Itinerary Louvre in half day (EN) (Louvre Guide Tours),com.tourblink.louvre,1,audioguide_itinerary5_new,payton_sprout,US,MA,02108,USD,0.25,0.885100,EUR,0.22
GPA.3324-0443-4714-95644,"Dec 14, 2018",9:35:03 AM PST,,Charge,,Itinerary + Audioguide Egypt EN (Louvre Guide Tours),com.tourblink.louvre,1,audioguide_itinerary3_new,payton_sprout,US,MA,02108,USD,1.49,0.885150,EUR,1.32
GPA.3324-0443-4714-95644,"Dec 14, 2018",9:35:03 AM PST,,Google fee,,Itinerary + Audioguide Egypt EN (Louvre Guide Tours),com.tourblink.louvre,1,audioguide_itinerary3_new,payton_sprout,US,MA,02108,USD,-0.45,0.885150,EUR,-0.40
GPA.3324-0443-4714-95644,"Dec 14, 2018",9:35:03 AM PST,Third-party Tax,Tax,,Itinerary + Audioguide Egypt EN (Louvre Guide Tours),com.tourblink.louvre,1,audioguide_itinerary3_new,payton_sprout,US,MA,02108,USD,0.09,0.885150,EUR,0.08
GPA.3358-8595-5993-23486,"Dec 15, 2018",1:09:02 AM PST,,Charge,,Louvre in half day (EN) (Louvre Guide Tours),com.tourblink.louvre,1,itinerary_fifth_new,hero2lte,IT,VA,21023,EUR,1.72,1.000000,EUR,1.72
GPA.3398-1156-5519-28454,"Dec 15, 2018",1:33:01 AM PST,,Charge,,Buy all (Vatican Museums Guide Tour),com.tourblink.vaticanmuseums,1,buy_all,HWCOR,FR,,92000,EUR,2.91,1.000000,EUR,2.91
GPA.3389-7263-0510-18836,"Dec 15, 2018",6:18:20 AM PST,,Charge,,Buy all (Orsay Museum Guide Tours),com.tourblink.museeorsay,1,buy_all,HWDUK,IT,TV,31015,EUR,2.86,1.000000,EUR,2.86
GPA.3334-4537-8124-08668,"Dec 15, 2018",8:12:23 AM PST,,Charge,,Lo mejor del museo del Prado (El Prado Museum Guide Tours & Audioguide),com.tourblink.museoelprado,1,itinerary_two,starqltesq,US,HI,96753,USD,2.49,0.884500,EUR,2.20
GPA.3334-4537-8124-08668,"Dec 15, 2018",8:12:23 AM PST,,Google fee,,Lo mejor del museo del Prado (El Prado Museum Guide Tours & Audioguide),com.tourblink.museoelprado,1,itinerary_two,starqltesq,US,HI,96753,USD,-0.75,0.884500,EUR,-0.66
GPA.3334-4537-8124-08668,"Dec 15, 2018",8:12:23 AM PST,Third-party Tax,Tax,,Lo mejor del museo del Prado (El Prado Museum Guide Tours & Audioguide),com.tourblink.museoelprado,1,itinerary_two,starqltesq,US,HI,96753,USD,0.10,0.884500,EUR,0.09
GPA.3397-6741-2317-68919,"Dec 17, 2018",1:13:17 AM PST,,Charge,,Unlock all the itineraries and audioguides (Louvre Guide Tours),com.tourblink.louvre,1,buy_all,ASUS_X013D_1,FR,,86000,EUR,2.91,1.000000,EUR,2.91
GPA.3380-1561-2185-65698,"Dec 17, 2018",4:59:18 AM PST,,Charge,,The Louvre in 60 mins + Audioguide (Louvre Guide Tours),com.tourblink.louvre,1,audioguide_itinerary2_new,HWEML,DE,,12277,EUR,0.88,1.000000,EUR,0.88
GPA.3357-6383-8168-57434,"Dec 17, 2018",5:01:28 AM PST,,Charge,,Itinerary + Audioguide Egypt EN (Louvre Guide Tours),com.tourblink.louvre,1,audioguide_itinerary3_new,HWEML,DE,,12277,EUR,0.88,1.000000,EUR,0.88
GPA.3319-9081-9054-70518,"Dec 17, 2018",7:57:23 AM PST,,Charge,,The Louvre in 60 mins + Audioguide (Louvre Guide Tours),com.tourblink.louvre,1,audioguide_itinerary2_new,dreamqltesq,US,FL,34291,USD,1.49,0.881100,EUR,1.31
GPA.3319-9081-9054-70518,"Dec 17, 2018",7:57:23 AM PST,,Google fee,,The Louvre in 60 mins + Audioguide (Louvre Guide Tours),com.tourblink.louvre,1,audioguide_itinerary2_new,dreamqltesq,US,FL,34291,USD,-0.45,0.881100,EUR,-0.40
GPA.3319-9081-9054-70518,"Dec 17, 2018",7:57:23 AM PST,Third-party Tax,Tax,,The Louvre in 60 mins + Audioguide (Louvre Guide Tours),com.tourblink.louvre,1,audioguide_itinerary2_new,dreamqltesq,US,FL,34291,USD,0.10,0.881100,EUR,0.09
GPA.3316-7494-7324-04365,"Dec 18, 2018",2:07:07 AM PST,,Charge,,Orsay in 60 minutes (Paris Guide Tours),com.tourblink.app,1,itinerary_sixth,zeroflte,SG,,,SGD,1.49,0.641400,EUR,0.96
GPA.3316-7494-7324-04365,"Dec 18, 2018",2:07:07 AM PST,,Google fee,,Orsay in 60 minutes (Paris Guide Tours),com.tourblink.app,1,itinerary_sixth,zeroflte,SG,,,SGD,-0.45,0.641400,EUR,-0.29
GPA.3305-1347-9436-45643,"Dec 18, 2018",2:14:07 AM PST,,Charge,,Complete guide of Vatican Museums (Vatican Museums Guide Tour),com.tourblink.vaticanmuseums,1,itinerary_one,HWEML,FR,,93360,EUR,1.74,1.000000,EUR,1.74
GPA.3399-0162-3940-45471,"Dec 18, 2018",9:56:35 AM PST,,Charge,,Lo mejor del museo del Prado (El Prado Museum Guide Tours & Audioguide),com.tourblink.museoelprado,1,itinerary_two,crosshatch,SG,,,SGD,2.99,0.641370,EUR,1.92
GPA.3399-0162-3940-45471,"Dec 18, 2018",9:56:35 AM PST,,Google fee,,Lo mejor del museo del Prado (El Prado Museum Guide Tours & Audioguide),com.tourblink.museoelprado,1,itinerary_two,crosshatch,SG,,,SGD,-0.90,0.641370,EUR,-0.58
GPA.3376-8305-4409-21564,"Dec 18, 2018",7:15:58 PM PST,,Charge,,Buy all (Vatican Museums Guide Tour),com.tourblink.vaticanmuseums,1,buy_all,lux_uds,BR,RS,93700000,BRL,23.99,0.224780,EUR,5.39
GPA.3376-8305-4409-21564,"Dec 18, 2018",7:15:58 PM PST,,Google fee,,Buy all (Vatican Museums Guide Tour),com.tourblink.vaticanmuseums,1,buy_all,lux_uds,BR,RS,93700000,BRL,-7.20,0.224780,EUR,-1.62
GPA.3376-8305-4409-21564,"Dec 18, 2018",7:15:58 PM PST,Brazil CIDE Withholding Tax,Tax,,Buy all (Vatican Museums Guide Tour),com.tourblink.vaticanmuseums,1,buy_all,lux_uds,BR,RS,93700000,EUR,0.16,1.000000,EUR,0.16
GPA.3376-8305-4409-21564,"Dec 18, 2018",7:15:58 PM PST,Brazil CIDE Withholding Tax,Tax,,Buy all (Vatican Museums Guide Tour),com.tourblink.vaticanmuseums,1,buy_all,lux_uds,BR,RS,93700000,EUR,-0.54,1.000000,EUR,-0.54
GPA.3376-8305-4409-21564,"Dec 18, 2018",7:15:58 PM PST,Brazil IRRF Withholding Tax,Tax,,Buy all (Vatican Museums Guide Tour),com.tourblink.vaticanmuseums,1,buy_all,lux_uds,BR,RS,93700000,EUR,0.24,1.000000,EUR,0.24
GPA.3376-8305-4409-21564,"Dec 18, 2018",7:15:58 PM PST,Brazil IRRF Withholding Tax,Tax,,Buy all (Vatican Museums Guide Tour),com.tourblink.vaticanmuseums,1,buy_all,lux_uds,BR,RS,93700000,EUR,-0.81,1.000000,EUR,-0.81
GPA.3360-0691-8531-99364,"Dec 18, 2018",11:05:00 PM PST,,Charge,,Buy all the Audioguide (Pere Lachaise Guide Tours),com.tourblink.perelachaise,1,robot_audioguide,hwALE-H,ES,MADRID,28047,EUR,0.86,1.000000,EUR,0.86
GPA.3360-0691-8531-99364,"Dec 19, 2018",12:32:12 AM PST,,Charge refund,Full,Buy all the Audioguide (Pere Lachaise Guide Tours),com.tourblink.perelachaise,1,robot_audioguide,hwALE-H,ES,MADRID,28047,EUR,-0.86,1.000000,EUR,-0.86
GPA.3397-6929-2052-49324,"Dec 19, 2018",4:38:52 AM PST,,Charge,,Unlock all the itineraries and audioguides (Louvre Guide Tours),com.tourblink.louvre,1,buy_all,HWCLT,ES,BARCELONA,08004,EUR,2.88,1.000000,EUR,2.88
GPA.3370-2547-8672-92166,"Dec 19, 2018",6:30:10 AM PST,,Charge,,Buy all (Orsay Museum Guide Tours),com.tourblink.museeorsay,1,buy_all,a5xelte,FR,,75005,EUR,2.91,1.000000,EUR,2.91
GPA.3376-1340-0279-83986,"Dec 19, 2018",8:02:26 AM PST,,Charge,,Audioguide + Itinerary Louvre in half day (EN) (Louvre Guide Tours),com.tourblink.louvre,1,audioguide_itinerary5_new,shark,MX,,55248,MXN,79.00,0.043643,EUR,3.45
GPA.3376-1340-0279-83986,"Dec 19, 2018",8:02:26 AM PST,,Google fee,,Audioguide + Itinerary Louvre in half day (EN) (Louvre Guide Tours),com.tourblink.louvre,1,audioguide_itinerary5_new,shark,MX,,55248,MXN,-23.70,0.043643,EUR,-1.03
GPA.3393-6816-3891-19133,"Dec 19, 2018",11:39:17 AM PST,,Charge,,The most important masterpieces+Audioguide (Louvre Guide Tours),com.tourblink.louvre,1,audioguide_itinerary1_new,crosshatch,US,GA,30064,USD,3.49,0.875150,EUR,3.06
GPA.3393-6816-3891-19133,"Dec 19, 2018",11:39:17 AM PST,,Google fee,,The most important masterpieces+Audioguide (Louvre Guide Tours),com.tourblink.louvre,1,audioguide_itinerary1_new,crosshatch,US,GA,30064,USD,-1.05,0.875150,EUR,-0.92
GPA.3393-6816-3891-19133,"Dec 19, 2018",11:39:17 AM PST,Third-party Tax,Tax,,The most important masterpieces+Audioguide (Louvre Guide Tours),com.tourblink.louvre,1,audioguide_itinerary1_new,crosshatch,US,GA,30064,USD,0.21,0.875150,EUR,0.18
GPA.3398-0877-2657-04607,"Dec 19, 2018",12:25:01 PM PST,,Charge,,The most important masterpieces+Audioguide (Louvre Guide Tours),com.tourblink.louvre,1,audioguide_itinerary1_new,crosshatch,US,GA,30064,USD,3.49,0.876000,EUR,3.06
GPA.3398-0877-2657-04607,"Dec 19, 2018",12:25:01 PM PST,,Google fee,,The most important masterpieces+Audioguide (Louvre Guide Tours),com.tourblink.louvre,1,audioguide_itinerary1_new,crosshatch,US,GA,30064,USD,-1.05,0.876000,EUR,-0.92
GPA.3398-0877-2657-04607,"Dec 19, 2018",12:25:01 PM PST,Third-party Tax,Tax,,The most important masterpieces+Audioguide (Louvre Guide Tours),com.tourblink.louvre,1,audioguide_itinerary1_new,crosshatch,US,GA,30064,USD,0.21,0.876000,EUR,0.18
GPA.3354-6262-8123-76301,"Dec 20, 2018",6:17:49 AM PST,,Charge,,Unlock all the itineraries and audioguides (Paris Guide Tours),com.tourblink.app,1,buy_all,HWBKL,IT,PG,06012,EUR,2.86,1.000000,EUR,2.86
GPA.3329-8359-6543-17383,"Dec 20, 2018",6:57:33 AM PST,,Charge,,Visita express del Museo Británico (British Museum Guided Tours),com.tourblink.britishmuseum,1,itinerary_one,greatlte,IL,,48000,ILS,4.20,0.232380,EUR,0.98
GPA.3329-8359-6543-17383,"Dec 20, 2018",6:57:33 AM PST,,Google fee,,Visita express del Museo Británico (British Museum Guided Tours),com.tourblink.britishmuseum,1,itinerary_one,greatlte,IL,,48000,ILS,-1.30,0.232380,EUR,-0.30
GPA.3372-1652-5859-06426,"Dec 20, 2018",9:27:00 AM PST,,Charge,,"The main artworks/Aztec,Mayan,Teotihuacan and Toltec) (Mexico City: Museum of Anthropology Guide & Tours)",com.tourblink.nationalmuseumanthropologymexicocity,1,itinerary_one,herolte,FR,,49290,EUR,1.74,1.000000,EUR,1.74
GPA.3354-8842-3649-78973,"Dec 20, 2018",10:24:37 AM PST,,Charge,,Unlock all the itineraries and audioguides (Louvre Guide Tours),com.tourblink.louvre,1,buy_all,hwALE-H,FR,,34090,EUR,2.91,1.000000,EUR,2.91
GPA.3347-3681-3830-56753,"Dec 20, 2018",12:35:39 PM PST,,Charge,,"The main artworks/Aztec,Mayan,Teotihuacan and Toltec) (Mexico City: Museum of Anthropology Guide & Tours)",com.tourblink.nationalmuseumanthropologymexicocity,1,itinerary_one,on7xelte,BR,SP,01050070,BRL,12.99,0.226380,EUR,2.94
GPA.3347-3681-3830-56753,"Dec 20, 2018",12:35:39 PM PST,,Google fee,,"The main artworks/Aztec,Mayan,Teotihuacan and Toltec) (Mexico City: Museum of Anthropology Guide & Tours)",com.tourblink.nationalmuseumanthropologymexicocity,1,itinerary_one,on7xelte,BR,SP,01050070,BRL,-3.90,0.226380,EUR,-0.88
GPA.3347-3681-3830-56753,"Dec 20, 2018",12:35:39 PM PST,Brazil CIDE Withholding Tax,Tax,,"The main artworks/Aztec,Mayan,Teotihuacan and Toltec) (Mexico City: Museum of Anthropology Guide & Tours)",com.tourblink.nationalmuseumanthropologymexicocity,1,itinerary_one,on7xelte,BR,SP,01050070,EUR,0.09,1.000000,EUR,0.09
GPA.3347-3681-3830-56753,"Dec 20, 2018",12:35:39 PM PST,Brazil CIDE Withholding Tax,Tax,,"The main artworks/Aztec,Mayan,Teotihuacan and Toltec) (Mexico City: Museum of Anthropology Guide & Tours)",com.tourblink.nationalmuseumanthropologymexicocity,1,itinerary_one,on7xelte,BR,SP,01050070,EUR,-0.30,1.000000,EUR,-0.30
GPA.3347-3681-3830-56753,"Dec 20, 2018",12:35:39 PM PST,Brazil IRRF Withholding Tax,Tax,,"The main artworks/Aztec,Mayan,Teotihuacan and Toltec) (Mexico City: Museum of Anthropology Guide & Tours)",com.tourblink.nationalmuseumanthropologymexicocity,1,itinerary_one,on7xelte,BR,SP,01050070,EUR,-0.44,1.000000,EUR,-0.44
GPA.3347-3681-3830-56753,"Dec 20, 2018",12:35:39 PM PST,Brazil IRRF Withholding Tax,Tax,,"The main artworks/Aztec,Mayan,Teotihuacan and Toltec) (Mexico City: Museum of Anthropology Guide & Tours)",com.tourblink.nationalmuseumanthropologymexicocity,1,itinerary_one,on7xelte,BR,SP,01050070,EUR,0.13,1.000000,EUR,0.13
GPA.3318-4962-5233-98135,"Dec 21, 2018",1:12:28 AM PST,,Charge,,The most important masterpieces (PT) (Louvre. Roteiros offline com áudioguia),com.tourblink.louvre,1,itinerary_one_new,CO2N_sprout,BR,SC,88790000,BRL,8.99,0.226840,EUR,2.04
GPA.3318-4962-5233-98135,"Dec 21, 2018",1:12:28 AM PST,,Google fee,,The most important masterpieces (PT) (Louvre. Roteiros offline com áudioguia),com.tourblink.louvre,1,itinerary_one_new,CO2N_sprout,BR,SC,88790000,BRL,-2.70,0.226840,EUR,-0.61
GPA.3318-4962-5233-98135,"Dec 21, 2018",1:12:28 AM PST,Brazil CIDE Withholding Tax,Tax,,The most important masterpieces (PT) (Louvre. Roteiros offline com áudioguia),com.tourblink.louvre,1,itinerary_one_new,CO2N_sprout,BR,SC,88790000,EUR,-0.20,1.000000,EUR,-0.20
GPA.3318-4962-5233-98135,"Dec 21, 2018",1:12:28 AM PST,Brazil CIDE Withholding Tax,Tax,,The most important masterpieces (PT) (Louvre. Roteiros offline com áudioguia),com.tourblink.louvre,1,itinerary_one_new,CO2N_sprout,BR,SC,88790000,EUR,0.06,1.000000,EUR,0.06
GPA.3318-4962-5233-98135,"Dec 21, 2018",1:12:28 AM PST,Brazil IRRF Withholding Tax,Tax,,The most important masterpieces (PT) (Louvre. Roteiros offline com áudioguia),com.tourblink.louvre,1,itinerary_one_new,CO2N_sprout,BR,SC,88790000,EUR,-0.30,1.000000,EUR,-0.30
GPA.3318-4962-5233-98135,"Dec 21, 2018",1:12:28 AM PST,Brazil IRRF Withholding Tax,Tax,,The most important masterpieces (PT) (Louvre. Roteiros offline com áudioguia),com.tourblink.louvre,1,itinerary_one_new,CO2N_sprout,BR,SC,88790000,EUR,0.09,1.000000,EUR,0.09
GPA.3343-1786-6730-17118,"Dec 21, 2018",3:08:24 AM PST,,Charge,,Unlock all the itineraries and audioguides (Louvre Guide Tours),com.tourblink.louvre,1,buy_all,dreamlte,BR,MT,78890000,BRL,23.99,0.227610,EUR,5.46
GPA.3343-1786-6730-17118,"Dec 21, 2018",3:08:24 AM PST,,Google fee,,Unlock all the itineraries and audioguides (Louvre Guide Tours),com.tourblink.louvre,1,buy_all,dreamlte,BR,MT,78890000,BRL,-7.20,0.227610,EUR,-1.64
GPA.3343-1786-6730-17118,"Dec 21, 2018",3:08:24 AM PST,Brazil CIDE Withholding Tax,Tax,,Unlock all the itineraries and audioguides (Louvre Guide Tours),com.tourblink.louvre,1,buy_all,dreamlte,BR,MT,78890000,EUR,-0.54,1.000000,EUR,-0.54
GPA.3343-1786-6730-17118,"Dec 21, 2018",3:08:24 AM PST,Brazil CIDE Withholding Tax,Tax,,Unlock all the itineraries and audioguides (Louvre Guide Tours),com.tourblink.louvre,1,buy_all,dreamlte,BR,MT,78890000,EUR,0.16,1.000000,EUR,0.16
GPA.3343-1786-6730-17118,"Dec 21, 2018",3:08:24 AM PST,Brazil IRRF Withholding Tax,Tax,,Unlock all the itineraries and audioguides (Louvre Guide Tours),com.tourblink.louvre,1,buy_all,dreamlte,BR,MT,78890000,EUR,0.24,1.000000,EUR,0.24
GPA.3343-1786-6730-17118,"Dec 21, 2018",3:08:24 AM PST,Brazil IRRF Withholding Tax,Tax,,Unlock all the itineraries and audioguides (Louvre Guide Tours),com.tourblink.louvre,1,buy_all,dreamlte,BR,MT,78890000,EUR,-0.81,1.000000,EUR,-0.81
GPA.3319-1303-9365-08665,"Dec 21, 2018",4:23:14 AM PST,,Charge,,Buy all the Audioguide (Pere Lachaise Guide Tours),com.tourblink.perelachaise,1,robot_audioguide,hwALE-H,ES,MADRID,28047,EUR,1.15,1.000000,EUR,1.15
GPA.3388-4518-9110-25879,"Dec 21, 2018",5:12:31 AM PST,,Charge,,Unlock all the itineraries and audioguides (Louvre Guide Tours),com.tourblink.louvre,1,buy_all,panell_dt,BR,RJ,20241260,BRL,23.99,0.226890,EUR,5.44
GPA.3388-4518-9110-25879,"Dec 21, 2018",5:12:31 AM PST,,Google fee,,Unlock all the itineraries and audioguides (Louvre Guide Tours),com.tourblink.louvre,1,buy_all,panell_dt,BR,RJ,20241260,BRL,-7.20,0.226890,EUR,-1.63
GPA.3388-4518-9110-25879,"Dec 21, 2018",5:12:31 AM PST,Brazil CIDE Withholding Tax,Tax,,Unlock all the itineraries and audioguides (Louvre Guide Tours),com.tourblink.louvre,1,buy_all,panell_dt,BR,RJ,20241260,EUR,0.16,1.000000,EUR,0.16
GPA.3388-4518-9110-25879,"Dec 21, 2018",5:12:31 AM PST,Brazil CIDE Withholding Tax,Tax,,Unlock all the itineraries and audioguides (Louvre Guide Tours),com.tourblink.louvre,1,buy_all,panell_dt,BR,RJ,20241260,EUR,-0.54,1.000000,EUR,-0.54
GPA.3388-4518-9110-25879,"Dec 21, 2018",5:12:31 AM PST,Brazil IRRF Withholding Tax,Tax,,Unlock all the itineraries and audioguides (Louvre Guide Tours),com.tourblink.louvre,1,buy_all,panell_dt,BR,RJ,20241260,EUR,0.24,1.000000,EUR,0.24
GPA.3388-4518-9110-25879,"Dec 21, 2018",5:12:31 AM PST,Brazil IRRF Withholding Tax,Tax,,Unlock all the itineraries and audioguides (Louvre Guide Tours),com.tourblink.louvre,1,buy_all,panell_dt,BR,RJ,20241260,EUR,-0.82,1.000000,EUR,-0.82
GPA.3317-4211-6528-22619,"Dec 21, 2018",8:54:29 AM PST,,Charge,,Audioguide + Itinerary Louvre in half day (EN) (Louvre Guide Tours),com.tourblink.louvre,1,audioguide_itinerary5_new,dreamlte,AU,,2217,AUD,4.99,0.621720,EUR,3.10
GPA.3317-4211-6528-22619,"Dec 21, 2018",8:54:29 AM PST,,Google fee,,Audioguide + Itinerary Louvre in half day (EN) (Louvre Guide Tours),com.tourblink.louvre,1,audioguide_itinerary5_new,dreamlte,AU,,2217,AUD,-1.50,0.621720,EUR,-0.93
GPA.3319-1303-9365-08665,"Dec 21, 2018",1:59:05 PM PST,,Charge refund,Full,Buy all the Audioguide (Pere Lachaise Guide Tours),com.tourblink.perelachaise,1,robot_audioguide,hwALE-H,ES,MADRID,28047,EUR,-1.15,1.000000,EUR,-1.15
GPA.3316-2977-8436-61134,"Dec 22, 2018",2:53:46 AM PST,,Charge,,Guía completa de Museos Vaticanos+Audioguide (Vatican Museums Guide Tour),com.tourblink.vaticanmuseums,1,audioguide_itinerary1,star2lte,IL,,72368,ILS,14.90,0.233420,EUR,3.48
GPA.3316-2977-8436-61134,"Dec 22, 2018",2:53:46 AM PST,,Google fee,,Guía completa de Museos Vaticanos+Audioguide (Vatican Museums Guide Tour),com.tourblink.vaticanmuseums,1,audioguide_itinerary1,star2lte,IL,,72368,ILS,-4.50,0.233420,EUR,-1.05
GPA.3394-7013-8505-62362,"Dec 22, 2018",5:33:29 AM PST,,Charge,,Audioguide + Itinerary Louvre in half day (EN) (Louvre Guide Tours),com.tourblink.louvre,1,audioguide_itinerary5_new,HWVNS-H,CR,SAN JOSÉ,10301,CRC,2300.00,0.001455,EUR,3.35
GPA.3394-7013-8505-62362,"Dec 22, 2018",5:33:29 AM PST,,Google fee,,Audioguide + Itinerary Louvre in half day (EN) (Louvre Guide Tours),com.tourblink.louvre,1,audioguide_itinerary5_new,HWVNS-H,CR,SAN JOSÉ,10301,CRC,-690.00,0.001455,EUR,-1.00
GPA.3317-0096-2690-71200,"Dec 22, 2018",6:40:28 AM PST,,Charge,,Audioguide + Itinerary Louvre in half day (EN) (Louvre Guide Tours),com.tourblink.louvre,1,audioguide_itinerary5_new,ali_n,GR,KERATSINI,18758,EUR,1.97,1.000000,EUR,1.97
GPA.3355-3379-8101-69357,"Dec 22, 2018",2:12:07 PM PST,,Charge,,Unlock all the itineraries and audioguides (Paris Guide Tours),com.tourblink.app,1,buy_all,HWWAS-H,PT,,2870-294,EUR,2.84,1.000000,EUR,2.84
GPA.3398-6022-5528-71922,"Dec 23, 2018",12:33:25 AM PST,,Charge,,The most important masterpieces+Audioguide (Louvre Guide Tours),com.tourblink.louvre,1,audioguide_itinerary1_new,OnePlus6T,IT,PR,43121,EUR,1.72,1.000000,EUR,1.72
GPA.3300-4014-0626-15769,"Dec 23, 2018",12:45:45 AM PST,,Charge,,Les principales chefs d'œuvres (Musée du Louvre visites guidées),com.tourblink.louvre,1,itinerary_one_new,a3y17lte,FR,,91120,EUR,1.16,1.000000,EUR,1.16
GPA.3391-1929-4265-73545,"Dec 23, 2018",1:21:24 AM PST,,Charge,,Oriente in the Occident (Louvre Guide Tours),com.tourblink.louvre,1,itinerary_sixth_new,herolte,FR,,93100,EUR,0.58,1.000000,EUR,0.58
GPA.3329-5833-3640-94034,"Dec 23, 2018",1:23:56 AM PST,,Charge,,The best of Egypt (FR) (Musée du Louvre visites guidées),com.tourblink.louvre,1,itinerary_three_new,herolte,FR,,93100,EUR,0.58,1.000000,EUR,0.58
GPA.3398-4323-3280-83119,"Dec 23, 2018",1:24:34 AM PST,,Charge,,Unlock all the itineraries and audioguides (Louvre Guide Tours),com.tourblink.louvre,1,buy_all,herolte,FR,,93100,EUR,2.91,1.000000,EUR,2.91
GPA.3316-2977-8436-61134,"Dec 23, 2018",1:25:38 AM PST,,Charge refund,Full,Guía completa de Museos Vaticanos+Audioguide (Vatican Museums Guide Tour),com.tourblink.vaticanmuseums,1,audioguide_itinerary1,star2lte,IL,,72368,ILS,-14.90,0.233420,EUR,-3.48
GPA.3316-2977-8436-61134,"Dec 23, 2018",1:25:38 AM PST,,Google fee refund,Full,Guía completa de Museos Vaticanos+Audioguide (Vatican Museums Guide Tour),com.tourblink.vaticanmuseums,1,audioguide_itinerary1,star2lte,IL,,72368,ILS,4.50,0.233420,EUR,1.05
GPA.3316-8737-2077-77881,"Dec 23, 2018",1:40:11 AM PST,,Charge,,Louvre in half day (FR) (Musée du Louvre visites guidées),com.tourblink.louvre,1,itinerary_fifth_new,zeroflte,FR,,76520,EUR,1.74,1.000000,EUR,1.74
GPA.3388-3986-3644-38981,"Dec 23, 2018",1:45:57 AM PST,,Charge,,The most important masterpieces+Audioguide (Louvre Guide Tours),com.tourblink.louvre,1,audioguide_itinerary1_new,HWCLT,IT,MI,20090,EUR,1.72,1.000000,EUR,1.72
GPA.3380-9715-3194-64226,"Dec 23, 2018",2:11:26 AM PST,,Charge,,Unlock all the itineraries and audioguides (Paris Guide Tours),com.tourblink.app,1,buy_all,HWEVA,IT,PG,06132,EUR,2.86,1.000000,EUR,2.86
GPA.3310-5192-0536-91943,"Dec 23, 2018",4:35:23 AM PST,,Charge,,The most important masterpieces+Audioguide (Louvre Guide Tours),com.tourblink.louvre,1,audioguide_itinerary1_new,a5y17lte,GR,,15122,EUR,1.69,1.000000,EUR,1.69
GPA.3351-6800-6215-67040,"Dec 23, 2018",4:53:28 AM PST,,Charge,,Audioguide + Itinerary Louvre in half day (EN) (Louvre Guide Tours),com.tourblink.louvre,1,audioguide_itinerary5_new,H8296,GB,,BS9 1AR,GBP,2.04,1.111100,EUR,2.27
GPA.3328-9155-7359-63958,"Dec 23, 2018",5:24:36 AM PST,,Charge,,Orsay en 2 horas (Orsay Museum Guide Tours),com.tourblink.museeorsay,1,itinerary_two,OnePlus3,US,TX,78704,USD,2.49,0.879450,EUR,2.19
GPA.3328-9155-7359-63958,"Dec 23, 2018",5:24:36 AM PST,,Google fee,,Orsay en 2 horas (Orsay Museum Guide Tours),com.tourblink.museeorsay,1,itinerary_two,OnePlus3,US,TX,78704,USD,-0.75,0.879450,EUR,-0.66
GPA.3328-9155-7359-63958,"Dec 23, 2018",5:24:36 AM PST,Third-party Tax,Tax,,Orsay en 2 horas (Orsay Museum Guide Tours),com.tourblink.museeorsay,1,itinerary_two,OnePlus3,US,TX,78704,USD,0.16,0.879450,EUR,0.14
GPA.3322-0150-3249-12741,"Dec 23, 2018",7:00:59 AM PST,,Charge,,The historic heart of Paris (Paris Guide Tours),com.tourblink.app,1,itinerary_one,OnePlus5T,FR,,94470,EUR,0.58,1.000000,EUR,0.58
GPA.3334-2731-7555-38296,"Dec 23, 2018",4:27:06 PM PST,,Charge,,Audioguide + Itinerary Louvre in half day (EN) (Louvre Guide Tours),com.tourblink.louvre,1,audioguide_itinerary5_new,taimen,US,PA,15213,USD,3.99,0.879650,EUR,3.51
GPA.3334-2731-7555-38296,"Dec 23, 2018",4:27:06 PM PST,,Google fee,,Audioguide + Itinerary Louvre in half day (EN) (Louvre Guide Tours),com.tourblink.louvre,1,audioguide_itinerary5_new,taimen,US,PA,15213,USD,-1.20,0.879650,EUR,-1.06
GPA.3334-2731-7555-38296,"Dec 23, 2018",4:27:06 PM PST,Third-party Tax,Tax,,Audioguide + Itinerary Louvre in half day (EN) (Louvre Guide Tours),com.tourblink.louvre,1,audioguide_itinerary5_new,taimen,US,PA,15213,USD,0.28,0.879650,EUR,0.25
GPA.3305-7597-8004-68556,"Dec 23, 2018",5:31:24 PM PST,,Charge,,Buy all (Pere Lachaise Guide Tours),com.tourblink.perelachaise,1,buy_all,OnePlus,FR,,92400,EUR,2.91,1.000000,EUR,2.91
GPA.3306-3224-5766-52180,"Dec 23, 2018",5:33:24 PM PST,,Charge,,Buy all the Audioguide (Pere Lachaise Guide Tours),com.tourblink.perelachaise,1,robot_audioguide,OnePlus,FR,,92400,EUR,1.16,1.000000,EUR,1.16
GPA.3305-7597-8004-68556,"Dec 23, 2018",5:48:10 PM PST,,Charge refund,Full,Buy all (Pere Lachaise Guide Tours),com.tourblink.perelachaise,1,buy_all,OnePlus,FR,,92400,EUR,-2.91,1.000000,EUR,-2.91
GPA.3306-3224-5766-52180,"Dec 23, 2018",5:48:11 PM PST,,Charge refund,Full,Buy all the Audioguide (Pere Lachaise Guide Tours),com.tourblink.perelachaise,1,robot_audioguide,OnePlus,FR,,92400,EUR,-1.16,1.000000,EUR,-1.16
GPA.3383-0177-7917-71586,"Dec 24, 2018",12:02:56 AM PST,,Charge,,Orsay en 2 horas+audio (Orsay Museum Guide Tours),com.tourblink.museeorsay,1,audioguide_itinerary2,dreamlte,IT,BG,24068,EUR,1.72,1.000000,EUR,1.72
GPA.3382-9442-3806-63806,"Dec 24, 2018",12:04:18 AM PST,,Charge,,Buy all (Vatican Museums Guide Tour),com.tourblink.vaticanmuseums,1,buy_all,taimen,US,PA,15071,USD,5.99,0.878600,EUR,5.26
GPA.3382-9442-3806-63806,"Dec 24, 2018",12:04:18 AM PST,,Google fee,,Buy all (Vatican Museums Guide Tour),com.tourblink.vaticanmuseums,1,buy_all,taimen,US,PA,15071,USD,-1.80,0.878600,EUR,-1.58
GPA.3382-9442-3806-63806,"Dec 24, 2018",12:04:18 AM PST,Third-party Tax,Tax,,Buy all (Vatican Museums Guide Tour),com.tourblink.vaticanmuseums,1,buy_all,taimen,US,PA,15071,USD,0.36,0.878600,EUR,0.32
GPA.3341-9335-5420-21379,"Dec 24, 2018",12:18:47 AM PST,,Charge,,Buy all (Vatican Museums Guide Tour),com.tourblink.vaticanmuseums,1,buy_all,herolte,FR,,49300,EUR,2.91,1.000000,EUR,2.91
GPA.3384-9362-3883-53446,"Dec 24, 2018",1:34:37 AM PST,,Charge,,The most important masterpieces (PT) (Louvre. Roteiros offline com áudioguia),com.tourblink.louvre,1,itinerary_one_new,jasmine_sprout,PT,,4715-037,EUR,1.13,1.000000,EUR,1.13
GPA.3355-8493-4137-62232,"Dec 24, 2018",2:57:58 AM PST,,Charge,,Unlock all the itineraries and audioguides (Louvre Guide Tours),com.tourblink.louvre,1,buy_all,HWCLT,US,VA,22124,USD,5.99,0.877200,EUR,5.26
GPA.3355-8493-4137-62232,"Dec 24, 2018",2:57:58 AM PST,,Google fee,,Unlock all the itineraries and audioguides (Louvre Guide Tours),com.tourblink.louvre,1,buy_all,HWCLT,US,VA,22124,USD,-1.80,0.877200,EUR,-1.58
GPA.3355-8493-4137-62232,"Dec 24, 2018",2:57:58 AM PST,Third-party Tax,Tax,,Unlock all the itineraries and audioguides (Louvre Guide Tours),com.tourblink.louvre,1,buy_all,HWCLT,US,VA,22124,USD,0.32,0.877200,EUR,0.28
GPA.3395-3867-4111-46205,"Dec 24, 2018",6:24:39 AM PST,,Charge,,The Louvre in 60 mins + Audioguide (Louvre Guide Tours),com.tourblink.louvre,1,audioguide_itinerary2_new,walleye,US,NJ,07666,USD,1.49,0.876950,EUR,1.30
GPA.3395-3867-4111-46205,"Dec 24, 2018",6:24:39 AM PST,,Google fee,,The Louvre in 60 mins + Audioguide (Louvre Guide Tours),com.tourblink.louvre,1,audioguide_itinerary2_new,walleye,US,NJ,07666,USD,-0.45,0.876950,EUR,-0.39
GPA.3395-3867-4111-46205,"Dec 24, 2018",6:24:39 AM PST,Third-party Tax,Tax,,The Louvre in 60 mins + Audioguide (Louvre Guide Tours),com.tourblink.louvre,1,audioguide_itinerary2_new,walleye,US,NJ,07666,USD,0.10,0.876950,EUR,0.09
GPA.3340-0638-8788-72175,"Dec 24, 2018",9:02:32 AM PST,,Charge,,Barrio Cívico / Centro de Santiago (Santiago de Chile Tours Guiados),com.tourblink.santiagodechile,1,itinerary_one,dreamlte,BR,PR,85853340,BRL,4.39,0.224470,EUR,0.99
GPA.3340-0638-8788-72175,"Dec 24, 2018",9:02:32 AM PST,,Google fee,,Barrio Cívico / Centro de Santiago (Santiago de Chile Tours Guiados),com.tourblink.santiagodechile,1,itinerary_one,dreamlte,BR,PR,85853340,BRL,-1.32,0.224470,EUR,-0.30
GPA.3340-0638-8788-72175,"Dec 24, 2018",9:02:32 AM PST,Brazil CIDE Withholding Tax,Tax,,Barrio Cívico / Centro de Santiago (Santiago de Chile Tours Guiados),com.tourblink.santiagodechile,1,itinerary_one,dreamlte,BR,PR,85853340,EUR,-0.10,1.000000,EUR,-0.10
GPA.3340-0638-8788-72175,"Dec 24, 2018",9:02:32 AM PST,Brazil CIDE Withholding Tax,Tax,,Barrio Cívico / Centro de Santiago (Santiago de Chile Tours Guiados),com.tourblink.santiagodechile,1,itinerary_one,dreamlte,BR,PR,85853340,EUR,0.03,1.000000,EUR,0.03
GPA.3340-0638-8788-72175,"Dec 24, 2018",9:02:32 AM PST,Brazil IRRF Withholding Tax,Tax,,Barrio Cívico / Centro de Santiago (Santiago de Chile Tours Guiados),com.tourblink.santiagodechile,1,itinerary_one,dreamlte,BR,PR,85853340,EUR,0.04,1.000000,EUR,0.04
GPA.3340-0638-8788-72175,"Dec 24, 2018",9:02:32 AM PST,Brazil IRRF Withholding Tax,Tax,,Barrio Cívico / Centro de Santiago (Santiago de Chile Tours Guiados),com.tourblink.santiagodechile,1,itinerary_one,dreamlte,BR,PR,85853340,EUR,-0.14,1.000000,EUR,-0.14
GPA.3336-8603-4083-13477,"Dec 24, 2018",9:30:22 AM PST,,Charge,,Tour a pie por Budapest+audio (Budapest Tour&Audioguide),com.tourblink.budapest,1,audioguide_itinerary1,hwALE-H,ES,MADRID,28047,EUR,1.15,1.000000,EUR,1.15
GPA.3336-8603-4083-13477,"Dec 24, 2018",3:15:18 PM PST,,Charge refund,Full,Tour a pie por Budapest+audio (Budapest Tour&Audioguide),com.tourblink.budapest,1,audioguide_itinerary1,hwALE-H,ES,MADRID,28047,EUR,-1.15,1.000000,EUR,-1.15
GPA.3337-9553-3297-52081,"Dec 24, 2018",6:12:59 PM PST,,Charge,,Buy All (Madrid Guide Tours),com.tourblink.madrid,1,buy_all,kltevzw,US,CA,92111,USD,5.99,0.876450,EUR,5.24
GPA.3337-9553-3297-52081,"Dec 24, 2018",6:12:59 PM PST,,Google fee,,Buy All (Madrid Guide Tours),com.tourblink.madrid,1,buy_all,kltevzw,US,CA,92111,USD,-1.80,0.876450,EUR,-1.58
GPA.3337-9553-3297-52081,"Dec 24, 2018",6:12:59 PM PST,Third-party Tax,Tax,,Buy All (Madrid Guide Tours),com.tourblink.madrid,1,buy_all,kltevzw,US,CA,92111,USD,0.46,0.876450,EUR,0.41
GPA.3391-4249-7481-29673,"Dec 24, 2018",11:49:15 PM PST,,Charge,,Roma durante los tiempos (Roma Guide Tours),com.tourblink.roma,1,itinerary_third,hlte,AU,,2606,AUD,1.45,0.617570,EUR,0.90
GPA.3391-4249-7481-29673,"Dec 24, 2018",11:49:15 PM PST,,Google fee,,Roma durante los tiempos (Roma Guide Tours),com.tourblink.roma,1,itinerary_third,hlte,AU,,2606,AUD,-0.44,0.617570,EUR,-0.27
GPA.3358-4570-4053-50565,"Dec 24, 2018",11:50:02 PM PST,,Charge,,Roma panorámica (Roma Guide Tours),com.tourblink.roma,1,itinerary_two,hlte,AU,,2606,AUD,1.45,0.617570,EUR,0.90
GPA.3358-4570-4053-50565,"Dec 24, 2018",11:50:02 PM PST,,Google fee,,Roma panorámica (Roma Guide Tours),com.tourblink.roma,1,itinerary_two,hlte,AU,,2606,AUD,-0.44,0.617570,EUR,-0.27
GPA.3305-8274-4643-04954,"Dec 25, 2018",10:29:22 AM PST,,Charge,,"The main artworks/Aztec,Mayan,Teotihuacan and Toltec) (Mexico City: Museum of Anthropology Guide & Tours)",com.tourblink.nationalmuseumanthropologymexicocity,1,itinerary_one,CatS61,AT,,4400,EUR,1.74,1.000000,EUR,1.74
GPA.3372-6794-7810-99373,"Dec 25, 2018",10:53:10 AM PST,,Charge,,"The main artworks/Aztec,Mayan,Teotihuacan and Toltec) (Mexico City: Museum of Anthropology Guide & Tours)",com.tourblink.nationalmuseumanthropologymexicocity,1,itinerary_one,crownqltesq,US,WA,98106,USD,3.49,0.877450,EUR,3.06
GPA.3372-6794-7810-99373,"Dec 25, 2018",10:53:10 AM PST,,Google fee,,"The main artworks/Aztec,Mayan,Teotihuacan and Toltec) (Mexico City: Museum of Anthropology Guide & Tours)",com.tourblink.nationalmuseumanthropologymexicocity,1,itinerary_one,crownqltesq,US,WA,98106,USD,-1.05,0.877450,EUR,-0.92
GPA.3308-4945-8986-70584,"Dec 25, 2018",11:18:53 AM PST,,Charge,,Roma panorámica (Roma Guide Tours),com.tourblink.roma,1,itinerary_two,walleye,CA,AB,T2V5C7,CAD,1.49,0.645300,EUR,0.96
GPA.3308-4945-8986-70584,"Dec 25, 2018",11:18:53 AM PST,,Google fee,,Roma panorámica (Roma Guide Tours),com.tourblink.roma,1,itinerary_two,walleye,CA,AB,T2V5C7,CAD,-0.45,0.645300,EUR,-0.29
GPA.3369-3662-5147-91737,"Dec 25, 2018",2:20:19 PM PST,,Charge,,Buy all (Vatican Museums Guide Tour),com.tourblink.vaticanmuseums,1,buy_all,HWEVA,IT,BO,40050,EUR,2.86,1.000000,EUR,2.86
GPA.3333-2850-9106-84110,"Dec 26, 2018",1:08:25 AM PST,,Charge,,Orsay en 60 minutes (Musée d'Orsay visites guidées),com.tourblink.museeorsay,1,itinerary_one,trlte,BE,,8552,EUR,1.73,1.000000,EUR,1.73
GPA.3349-8159-6868-56341,"Dec 26, 2018",2:32:26 AM PST,,Charge,,Lo mejor del museo del Prado (El Prado Museum Guide Tours & Audioguide),com.tourblink.museoelprado,1,itinerary_two,dream2qlteue,US,CA,91101,USD,2.49,0.877800,EUR,2.19
GPA.3349-8159-6868-56341,"Dec 26, 2018",2:32:26 AM PST,,Google fee,,Lo mejor del museo del Prado (El Prado Museum Guide Tours & Audioguide),com.tourblink.museoelprado,1,itinerary_two,dream2qlteue,US,CA,91101,USD,-0.75,0.877800,EUR,-0.66
GPA.3349-8159-6868-56341,"Dec 26, 2018",2:32:26 AM PST,Third-party Tax,Tax,,Lo mejor del museo del Prado (El Prado Museum Guide Tours & Audioguide),com.tourblink.museoelprado,1,itinerary_two,dream2qlteue,US,CA,91101,USD,0.24,0.877800,EUR,0.21
GPA.3369-6638-5832-44366,"Dec 26, 2018",3:11:42 AM PST,,Charge,,Unlock all the itineraries and audioguides (Louvre Guide Tours),com.tourblink.louvre,1,buy_all,T5,ES,SEVILLA,41015,EUR,2.88,1.000000,EUR,2.88
GPA.3389-4748-2441-78040,"Dec 26, 2018",3:26:15 AM PST,,Charge,,Sculptures françaises des 17ème et 18ème siècles (Musée du Louvre visites guidées),com.tourblink.louvre,1,itinerary_fourth_new,starlte,FR,,94700,EUR,0.58,1.000000,EUR,0.58
GPA.3372-7681-4627-78139,"Dec 26, 2018",3:32:24 AM PST,,Charge,,Unlock all the itineraries and audioguides (Louvre Guide Tours),com.tourblink.louvre,1,buy_all,HWANE,EE,,13131,EUR,2.91,1.000000,EUR,2.91
GPA.3380-1064-1901-83816,"Dec 26, 2018",5:27:48 AM PST,,Charge,,Audioguide + Itinerary Louvre in half day (EN) (Louvre Guide Tours),com.tourblink.louvre,1,audioguide_itinerary5_new,dream2lte,TR,ANKARA,06460,TRY,16.09,0.166180,EUR,2.67
GPA.3380-1064-1901-83816,"Dec 26, 2018",5:27:48 AM PST,,Google fee,,Audioguide + Itinerary Louvre in half day (EN) (Louvre Guide Tours),com.tourblink.louvre,1,audioguide_itinerary5_new,dream2lte,TR,ANKARA,06460,TRY,-4.83,0.166180,EUR,-0.80
GPA.3378-9818-2008-44682,"Dec 26, 2018",6:53:36 AM PST,,Charge,,Lo mejor del museo del Prado (El Prado Museum Guide Tours & Audioguide),com.tourblink.museoelprado,1,itinerary_two,HWCLT,HK,-,,HKD,18.00,0.112150,EUR,2.02
GPA.3378-9818-2008-44682,"Dec 26, 2018",6:53:36 AM PST,,Google fee,,Lo mejor del museo del Prado (El Prado Museum Guide Tours & Audioguide),com.tourblink.museoelprado,1,itinerary_two,HWCLT,HK,-,,HKD,-5.40,0.112150,EUR,-0.61
GPA.3331-2983-7501-16515,"Dec 26, 2018",6:54:52 AM PST,,Charge,,The Louvre in 60 mins + Audioguide (Louvre Guide Tours),com.tourblink.louvre,1,audioguide_itinerary2_new,PD1603,NL,,5912KB,EUR,0.86,1.000000,EUR,0.86
GPA.3348-1735-8973-02540,"Dec 26, 2018",7:52:21 AM PST,,Charge,,Unlock all the itineraries and audioguides (Louvre Guide Tours),com.tourblink.louvre,1,buy_all,OnePlus5T,IN,Delhi,110023,INR,355.93,0.012529,EUR,4.46
GPA.3348-1735-8973-02540,"Dec 26, 2018",7:52:21 AM PST,,Google fee,,Unlock all the itineraries and audioguides (Louvre Guide Tours),com.tourblink.louvre,1,buy_all,OnePlus5T,IN,Delhi,110023,INR,-106.78,0.012529,EUR,-1.34
GPA.3333-3589-4301-91316,"Dec 26, 2018",8:14:59 AM PST,,Charge,,The most important masterpieces (PT) (Louvre. Roteiros offline com áudioguia),com.tourblink.louvre,1,itinerary_one_new,dreamlte,BR,MS,79003-102,BRL,8.99,0.223740,EUR,2.01
GPA.3333-3589-4301-91316,"Dec 26, 2018",8:14:59 AM PST,,Google fee,,The most important masterpieces (PT) (Louvre. Roteiros offline com áudioguia),com.tourblink.louvre,1,itinerary_one_new,dreamlte,BR,MS,79003-102,BRL,-2.70,0.223740,EUR,-0.60
GPA.3333-3589-4301-91316,"Dec 26, 2018",8:14:59 AM PST,Brazil CIDE Withholding Tax,Tax,,The most important masterpieces (PT) (Louvre. Roteiros offline com áudioguia),com.tourblink.louvre,1,itinerary_one_new,dreamlte,BR,MS,79003-102,EUR,0.06,1.000000,EUR,0.06
GPA.3333-3589-4301-91316,"Dec 26, 2018",8:14:59 AM PST,Brazil CIDE Withholding Tax,Tax,,The most important masterpieces (PT) (Louvre. Roteiros offline com áudioguia),com.tourblink.louvre,1,itinerary_one_new,dreamlte,BR,MS,79003-102,EUR,-0.20,1.000000,EUR,-0.20
GPA.3333-3589-4301-91316,"Dec 26, 2018",8:14:59 AM PST,Brazil IRRF Withholding Tax,Tax,,The most important masterpieces (PT) (Louvre. Roteiros offline com áudioguia),com.tourblink.louvre,1,itinerary_one_new,dreamlte,BR,MS,79003-102,EUR,0.09,1.000000,EUR,0.09
GPA.3333-3589-4301-91316,"Dec 26, 2018",8:14:59 AM PST,Brazil IRRF Withholding Tax,Tax,,The most important masterpieces (PT) (Louvre. Roteiros offline com áudioguia),com.tourblink.louvre,1,itinerary_one_new,dreamlte,BR,MS,79003-102,EUR,-0.30,1.000000,EUR,-0.30
GPA.3370-8305-6279-28495,"Dec 26, 2018",2:29:35 PM PST,,Charge,,The most important masterpieces+Audioguide (Louvre Guide Tours),com.tourblink.louvre,1,audioguide_itinerary1_new,poseidonlteatt,US,CA,93035,USD,3.49,0.880850,EUR,3.07
GPA.3370-8305-6279-28495,"Dec 26, 2018",2:29:35 PM PST,,Google fee,,The most important masterpieces+Audioguide (Louvre Guide Tours),com.tourblink.louvre,1,audioguide_itinerary1_new,poseidonlteatt,US,CA,93035,USD,-1.05,0.880850,EUR,-0.92
GPA.3370-8305-6279-28495,"Dec 26, 2018",2:29:35 PM PST,Third-party Tax,Tax,,The most important masterpieces+Audioguide (Louvre Guide Tours),com.tourblink.louvre,1,audioguide_itinerary1_new,poseidonlteatt,US,CA,93035,USD,0.25,0.880850,EUR,0.22
GPA.3333-2205-6537-26611,"Dec 26, 2018",2:44:22 PM PST,,Charge,,Unlock all the itineraries and audioguides (Louvre Guide Tours),com.tourblink.louvre,1,buy_all,HWALP,CA,ON,N2L 3V8,CAD,7.49,0.649070,EUR,4.86
GPA.3333-2205-6537-26611,"Dec 26, 2018",2:44:22 PM PST,,Google fee,,Unlock all the itineraries and audioguides (Louvre Guide Tours),com.tourblink.louvre,1,buy_all,HWALP,CA,ON,N2L 3V8,CAD,-2.25,0.649070,EUR,-1.46
GPA.3337-6330-2889-09267,"Dec 26, 2018",8:28:12 PM PST,,Charge,,Unlock all the itineraries and audioguides (Louvre Guide Tours),com.tourblink.louvre,1,buy_all,ASUS_Z01KD_1,CO,,,COP,17500.00,0.000268,EUR,4.68
GPA.3337-6330-2889-09267,"Dec 26, 2018",8:28:12 PM PST,,Google fee,,Unlock all the itineraries and audioguides (Louvre Guide Tours),com.tourblink.louvre,1,buy_all,ASUS_Z01KD_1,CO,,,COP,-5250.00,0.000268,EUR,-1.40
GPA.3314-6704-4565-11052,"Dec 27, 2018",12:09:49 AM PST,,Charge,,Beyonce en el museo (Louvre Guide Tours),com.tourblink.louvre,1,itinerary_nine,OnePlus5T,JP,,223-0061,JPY,260.00,0.007908,EUR,2.06
GPA.3314-6704-4565-11052,"Dec 27, 2018",12:09:49 AM PST,,Google fee,,Beyonce en el museo (Louvre Guide Tours),com.tourblink.louvre,1,itinerary_nine,OnePlus5T,JP,,223-0061,JPY,-78.00,0.007908,EUR,-0.62
GPA.3354-3992-3420-76816,"Dec 27, 2018",1:13:53 AM PST,,Charge,,The historic heart of Paris (Paris Guide Tours),com.tourblink.app,1,itinerary_one,p1,PL,,05-500,PLN,2.44,0.233340,EUR,0.57
GPA.3393-0821-9454-71802,"Dec 27, 2018",1:41:08 AM PST,,Charge,,Audioguide + Itinerary Louvre in half day (EN) (Louvre Guide Tours),com.tourblink.louvre,1,audioguide_itinerary5_new,mido,GR,,17675,EUR,1.97,1.000000,EUR,1.97
GPA.3351-7282-1776-97578,"Dec 27, 2018",2:02:49 AM PST,,Charge,,Unlock all the itineraries and audioguides (Paris Guide Tours),com.tourblink.app,1,buy_all,l5510,FR,,34090,EUR,2.91,1.000000,EUR,2.91
GPA.3349-1101-6198-24709,"Dec 27, 2018",2:10:06 AM PST,,Charge,,Buy all (Orsay Museum Guide Tours),com.tourblink.museeorsay,1,buy_all,HWRNE,FR,,78100,EUR,2.91,1.000000,EUR,2.91
GPA.3321-5903-0291-68346,"Dec 27, 2018",4:13:51 AM PST,,Charge,,Unlock all the itineraries and audioguides (Louvre Guide Tours),com.tourblink.louvre,1,buy_all,a6lte,FR,,01700,EUR,2.91,1.000000,EUR,2.91
GPA.3362-6457-8972-08695,"Dec 27, 2018",7:06:58 AM PST,,Charge,,"Lo principal de Aztecas,Mayas,Teotihuacanes,Toltecas+au (Mexico City: Museum of Anthropology Guide & Tours)",com.tourblink.nationalmuseumanthropologymexicocity,1,audioguide_itinerary1,greatlte,CL,REGIÓN METROPOLITANA,7500595,CLP,3900.00,0.001262,EUR,4.92
GPA.3362-6457-8972-08695,"Dec 27, 2018",7:06:58 AM PST,,Google fee,,"Lo principal de Aztecas,Mayas,Teotihuacanes,Toltecas+au (Mexico City: Museum of Anthropology Guide & Tours)",com.tourblink.nationalmuseumanthropologymexicocity,1,audioguide_itinerary1,greatlte,CL,REGIÓN METROPOLITANA,7500595,CLP,-1170.00,0.001262,EUR,-1.48
GPA.3337-2918-2441-99192,"Dec 27, 2018",10:16:27 AM PST,,Charge,,El gran centro (Buenos Aires Guide Tours),com.tourblink.buenosaires,1,itinerary_one,lucye,DE,,81377,EUR,1.17,1.000000,EUR,1.17
GPA.3349-0853-2253-39761,"Dec 27, 2018",10:24:04 AM PST,,Charge,,Orsay en 2 horas (Orsay Museum Guide Tours),com.tourblink.museeorsay,1,itinerary_two,dreamlte,PL,,39-304,PLN,4.89,0.232960,EUR,1.14
GPA.3359-9470-4114-78977,"Dec 27, 2018",1:11:47 PM PST,,Charge,,Louvre in half day (BR) (Louvre Guide Tours),com.tourblink.louvre,1,itinerary_fifth_new,sanders_n,BR,PR,81925570,BRL,12.99,0.225480,EUR,2.93
GPA.3359-9470-4114-78977,"Dec 27, 2018",1:11:47 PM PST,,Google fee,,Louvre in half day (BR) (Louvre Guide Tours),com.tourblink.louvre,1,itinerary_fifth_new,sanders_n,BR,PR,81925570,BRL,-3.90,0.225480,EUR,-0.88
GPA.3359-9470-4114-78977,"Dec 27, 2018",1:11:47 PM PST,Brazil CIDE Withholding Tax,Tax,,Louvre in half day (BR) (Louvre Guide Tours),com.tourblink.louvre,1,itinerary_fifth_new,sanders_n,BR,PR,81925570,EUR,-0.30,1.000000,EUR,-0.30
GPA.3359-9470-4114-78977,"Dec 27, 2018",1:11:47 PM PST,Brazil CIDE Withholding Tax,Tax,,Louvre in half day (BR) (Louvre Guide Tours),com.tourblink.louvre,1,itinerary_fifth_new,sanders_n,BR,PR,81925570,EUR,0.09,1.000000,EUR,0.09
GPA.3359-9470-4114-78977,"Dec 27, 2018",1:11:47 PM PST,Brazil IRRF Withholding Tax,Tax,,Louvre in half day (BR) (Louvre Guide Tours),com.tourblink.louvre,1,itinerary_fifth_new,sanders_n,BR,PR,81925570,EUR,0.13,1.000000,EUR,0.13
GPA.3359-9470-4114-78977,"Dec 27, 2018",1:11:47 PM PST,Brazil IRRF Withholding Tax,Tax,,Louvre in half day (BR) (Louvre Guide Tours),com.tourblink.louvre,1,itinerary_fifth_new,sanders_n,BR,PR,81925570,EUR,-0.44,1.000000,EUR,-0.44
GPA.3379-3176-1749-68997,"Dec 27, 2018",10:00:29 PM PST,,Charge,,Audioguide + Itinerary Louvre in half day (EN) (Louvre Guide Tours),com.tourblink.louvre,1,audioguide_itinerary5_new,starlte,EG,الجيزة,,EGP,72.99,0.048718,EUR,3.56
GPA.3379-3176-1749-68997,"Dec 27, 2018",10:00:29 PM PST,,Google fee,,Audioguide + Itinerary Louvre in half day (EN) (Louvre Guide Tours),com.tourblink.louvre,1,audioguide_itinerary5_new,starlte,EG,الجيزة,,EGP,-21.90,0.048718,EUR,-1.07
GPA.3337-2134-3139-39498,"Dec 28, 2018",1:44:42 AM PST,,Charge,,Audioguide + Itinerary Louvre in half day (EN) (Louvre Guide Tours),com.tourblink.louvre,1,audioguide_itinerary5_new,dreamlte,IT,VR,37100,EUR,2.00,1.000000,EUR,2.00
GPA.3382-6633-1213-89758,"Dec 28, 2018",2:09:54 AM PST,,Charge,,Les principales chefs d'œuvres (Musée du Louvre visites guidées),com.tourblink.louvre,1,itinerary_one_new,HWFIG-H,ES,LAS PALMAS,35001,EUR,1.15,1.000000,EUR,1.15
GPA.3315-3544-1530-89519,"Dec 28, 2018",2:10:59 AM PST,,Charge,,Unlock all the itineraries and audioguides (Louvre Guide Tours),com.tourblink.louvre,1,buy_all,greatlte,IT,VI,36075,EUR,2.86,1.000000,EUR,2.86
GPA.3379-2819-4566-84986,"Dec 28, 2018",2:51:03 AM PST,,Charge,,Les principales chefs d'œuvres (Musée du Louvre visites guidées),com.tourblink.louvre,1,itinerary_one_new,a3xelte,FR,,15130,EUR,1.16,1.000000,EUR,1.16
GPA.3302-5542-2783-40209,"Dec 28, 2018",2:52:15 AM PST,,Charge,,Unlock all the itineraries and audioguides (Louvre Guide Tours),com.tourblink.louvre,1,buy_all,star2qltesq,US,TN,37135,USD,5.99,0.872700,EUR,5.23
GPA.3302-5542-2783-40209,"Dec 28, 2018",2:52:15 AM PST,,Google fee,,Unlock all the itineraries and audioguides (Louvre Guide Tours),com.tourblink.louvre,1,buy_all,star2qltesq,US,TN,37135,USD,-1.80,0.872700,EUR,-1.57
GPA.3302-5542-2783-40209,"Dec 28, 2018",2:52:15 AM PST,Third-party Tax,Tax,,Unlock all the itineraries and audioguides (Louvre Guide Tours),com.tourblink.louvre,1,buy_all,star2qltesq,US,TN,37135,USD,0.55,0.872700,EUR,0.48
GPA.3332-9756-3512-69870,"Dec 28, 2018",4:35:58 AM PST,,Charge,,Unlock all the itineraries and audioguides (Louvre Guide Tours),com.tourblink.louvre,1,buy_all,dreamlte,BG,,1404,BGN,5.71,0.511240,EUR,2.92
GPA.3380-4100-6463-58040,"Dec 28, 2018",4:59:29 AM PST,,Charge,,The best of Egypt (FR) (Musée du Louvre visites guidées),com.tourblink.louvre,1,itinerary_three_new,star2lte,FR,,94230,EUR,0.58,1.000000,EUR,0.58
GPA.3375-8969-0911-13451,"Dec 28, 2018",5:14:26 AM PST,,Charge,,Unlock all the itineraries and audioguides (Louvre Guide Tours),com.tourblink.louvre,1,buy_all,HWBKL,ES,BARCELONA,08002,EUR,2.88,1.000000,EUR,2.88
GPA.3328-4698-4231-58955,"Dec 28, 2018",5:46:26 AM PST,,Charge,,The most important masterpieces+Audioguide (Louvre Guide Tours),com.tourblink.louvre,1,audioguide_itinerary1_new,crownlte,GB,RENFREWSHIRE,PA7 5EL,GBP,1.74,1.107100,EUR,1.93
GPA.3324-4101-8113-57159,"Dec 28, 2018",8:20:46 AM PST,,Charge,,The most important masterpieces+Audioguide (Louvre Guide Tours),com.tourblink.louvre,1,audioguide_itinerary1_new,walleye,CA,ON,L3S 1K5,CAD,4.59,0.640110,EUR,2.94
GPA.3324-4101-8113-57159,"Dec 28, 2018",8:20:46 AM PST,,Google fee,,The most important masterpieces+Audioguide (Louvre Guide Tours),com.tourblink.louvre,1,audioguide_itinerary1_new,walleye,CA,ON,L3S 1K5,CAD,-1.38,0.640110,EUR,-0.88
GPA.3382-3208-1092-17370,"Dec 28, 2018",8:39:22 AM PST,,Charge,,Unlock all the itineraries and audioguides (Louvre Guide Tours),com.tourblink.louvre,1,buy_all,herolte,IT,AL,15032,EUR,2.86,1.000000,EUR,2.86
GPA.3341-3377-0761-35348,"Dec 28, 2018",12:17:22 PM PST,,Charge,,Roma monumental (Roma Guide Tours),com.tourblink.roma,1,itinerary_one,montana_n,ES,MADRID,28990,EUR,0.57,1.000000,EUR,0.57
GPA.3387-5407-8066-92465,"Dec 28, 2018",2:19:31 PM PST,,Charge,,Buy all (Vatican Museums Guide Tour),com.tourblink.vaticanmuseums,1,buy_all,HWLLD-H,IT,TA,74100,EUR,2.86,1.000000,EUR,2.86
GPA.3342-0282-6407-89246,"Dec 28, 2018",7:38:11 PM PST,,Charge,,Unlock all the itineraries and audioguides (Louvre Guide Tours),com.tourblink.louvre,1,buy_all,dreamqltesq,US,NY,11230,USD,5.99,0.873850,EUR,5.24
GPA.3342-0282-6407-89246,"Dec 28, 2018",7:38:11 PM PST,,Google fee,,Unlock all the itineraries and audioguides (Louvre Guide Tours),com.tourblink.louvre,1,buy_all,dreamqltesq,US,NY,11230,USD,-1.80,0.873850,EUR,-1.57
GPA.3342-0282-6407-89246,"Dec 28, 2018",7:38:11 PM PST,Third-party Tax,Tax,,Unlock all the itineraries and audioguides (Louvre Guide Tours),com.tourblink.louvre,1,buy_all,dreamqltesq,US,NY,11230,USD,0.53,0.873850,EUR,0.46
GPA.3399-9533-8606-85682,"Dec 28, 2018",11:34:50 PM PST,,Charge,,The most important masterpieces+Audioguide (Louvre Guide Tours),com.tourblink.louvre,1,audioguide_itinerary1_new,CPH1707,AU,,2830,AUD,4.26,0.615150,EUR,2.62
GPA.3399-9533-8606-85682,"Dec 28, 2018",11:34:50 PM PST,,Google fee,,The most important masterpieces+Audioguide (Louvre Guide Tours),com.tourblink.louvre,1,audioguide_itinerary1_new,CPH1707,AU,,2830,AUD,-1.28,0.615150,EUR,-0.79
GPA.3319-2281-2395-73442,"Dec 29, 2018",12:04:19 AM PST,,Charge,,Unlock all the itineraries and audioguides (Paris Guide Tours),com.tourblink.app,1,buy_all,sailfish,PL,,02-776,PLN,11.95,0.232440,EUR,2.78
GPA.3327-1542-7204-98562,"Dec 29, 2018",12:07:34 AM PST,,Charge,,Unlock all the itineraries and audioguides (Paris Guide Tours),com.tourblink.app,1,buy_all,mido,PL,,05-500,PLN,11.95,0.232440,EUR,2.78
GPA.3381-9986-5755-62000,"Dec 29, 2018",12:43:58 AM PST,,Charge,,Guía completa de Museos Vaticanos+Audioguide (Vatican Museums Guide Tour),com.tourblink.vaticanmuseums,1,audioguide_itinerary1,herolte,IT,TO,10076,EUR,2.00,1.000000,EUR,2.00
GPA.3347-8674-9007-00300,"Dec 29, 2018",1:04:27 AM PST,,Charge,,Lo principal del Louvre+Audioguía (Louvre Tours Guia),com.tourblink.louvre,1,audioguide_itinerary1_new,zeroflte,ES,NAVARRA,31192,EUR,1.73,1.000000,EUR,1.73
GPA.3386-8371-1444-39640,"Dec 29, 2018",1:55:11 AM PST,,Charge,,Orsay en 3 horas (Orsay Museum Guide Tours),com.tourblink.museeorsay,1,itinerary_one,dreamqltesq,US,GA,30101,USD,3.49,0.873850,EUR,3.05
GPA.3386-8371-1444-39640,"Dec 29, 2018",1:55:11 AM PST,,Google fee,,Orsay en 3 horas (Orsay Museum Guide Tours),com.tourblink.museeorsay,1,itinerary_one,dreamqltesq,US,GA,30101,USD,-1.05,0.873850,EUR,-0.92
GPA.3386-8371-1444-39640,"Dec 29, 2018",1:55:11 AM PST,Third-party Tax,Tax,,Orsay en 3 horas (Orsay Museum Guide Tours),com.tourblink.museeorsay,1,itinerary_one,dreamqltesq,US,GA,30101,USD,0.21,0.873850,EUR,0.18
GPA.3341-0561-0243-59972,"Dec 29, 2018",2:14:49 AM PST,,Charge,,Unlock all the itineraries and audioguides (Paris Guide Tours),com.tourblink.app,1,buy_all,taimen,ES,MADRID,28109,EUR,2.88,1.000000,EUR,2.88
GPA.3385-3690-4336-53671,"Dec 29, 2018",2:23:48 AM PST,,Charge,,The most important masterpieces (PT) (Louvre. Roteiros offline com áudioguia),com.tourblink.louvre,1,itinerary_one_new,greatlte,BR,SP,04716-000,BRL,8.99,0.225430,EUR,2.03
GPA.3385-3690-4336-53671,"Dec 29, 2018",2:23:48 AM PST,,Google fee,,The most important masterpieces (PT) (Louvre. Roteiros offline com áudioguia),com.tourblink.louvre,1,itinerary_one_new,greatlte,BR,SP,04716-000,BRL,-2.70,0.225430,EUR,-0.61
GPA.3385-3690-4336-53671,"Dec 29, 2018",2:23:48 AM PST,Brazil CIDE Withholding Tax,Tax,,The most important masterpieces (PT) (Louvre. Roteiros offline com áudioguia),com.tourblink.louvre,1,itinerary_one_new,greatlte,BR,SP,04716-000,EUR,0.06,1.000000,EUR,0.06
GPA.3385-3690-4336-53671,"Dec 29, 2018",2:23:48 AM PST,Brazil CIDE Withholding Tax,Tax,,The most important masterpieces (PT) (Louvre. Roteiros offline com áudioguia),com.tourblink.louvre,1,itinerary_one_new,greatlte,BR,SP,04716-000,EUR,-0.20,1.000000,EUR,-0.20
GPA.3385-3690-4336-53671,"Dec 29, 2018",2:23:48 AM PST,Brazil IRRF Withholding Tax,Tax,,The most important masterpieces (PT) (Louvre. Roteiros offline com áudioguia),com.tourblink.louvre,1,itinerary_one_new,greatlte,BR,SP,04716-000,EUR,0.09,1.000000,EUR,0.09
GPA.3385-3690-4336-53671,"Dec 29, 2018",2:23:48 AM PST,Brazil IRRF Withholding Tax,Tax,,The most important masterpieces (PT) (Louvre. Roteiros offline com áudioguia),com.tourblink.louvre,1,itinerary_one_new,greatlte,BR,SP,04716-000,EUR,-0.30,1.000000,EUR,-0.30
GPA.3364-1898-2103-86763,"Dec 29, 2018",2:30:43 AM PST,,Charge,,Lo mejor del museo del Prado (El Prado Museum Guide Tours & Audioguide),com.tourblink.museoelprado,1,itinerary_two,F5321,FR,,60500,EUR,1.16,1.000000,EUR,1.16
GPA.3300-2967-6367-95622,"Dec 29, 2018",3:14:45 AM PST,,Charge,,The historic heart of Paris (Paris Guide Tours),com.tourblink.app,1,itinerary_one,g3,CA,BC,V0E1B4,CAD,1.49,0.640770,EUR,0.95
GPA.3300-2967-6367-95622,"Dec 29, 2018",3:14:45 AM PST,,Google fee,,The historic heart of Paris (Paris Guide Tours),com.tourblink.app,1,itinerary_one,g3,CA,BC,V0E1B4,CAD,-0.45,0.640770,EUR,-0.29
GPA.3343-4116-3957-58070,"Dec 29, 2018",4:04:08 AM PST,,Charge,,Orsay en 2 horas (Orsay Museum Guide Tours),com.tourblink.museeorsay,1,itinerary_two,tissot_sprout,IL,,5552588,ILS,8.50,0.232430,EUR,1.98
GPA.3343-4116-3957-58070,"Dec 29, 2018",4:04:08 AM PST,,Google fee,,Orsay en 2 horas (Orsay Museum Guide Tours),com.tourblink.museeorsay,1,itinerary_two,tissot_sprout,IL,,5552588,ILS,-2.60,0.232430,EUR,-0.60
GPA.3325-6779-7838-43983,"Dec 29, 2018",5:03:43 AM PST,,Charge,,Lo principal del Museo Británico (British Museum Guided Tours),com.tourblink.britishmuseum,1,itinerary_two,HWEVA,SG,,,SGD,2.99,0.639550,EUR,1.91
GPA.3325-6779-7838-43983,"Dec 29, 2018",5:03:43 AM PST,,Google fee,,Lo principal del Museo Británico (British Museum Guided Tours),com.tourblink.britishmuseum,1,itinerary_two,HWEVA,SG,,,SGD,-0.90,0.639550,EUR,-0.58
GPA.3327-9837-3857-73475,"Dec 29, 2018",5:19:37 AM PST,,Charge,,Unlock all the itineraries and audioguides (Louvre Guide Tours),com.tourblink.louvre,1,buy_all,j5y17lte,KR,인천광역시,405-735,KRW,5909.00,0.000783,EUR,4.63
GPA.3327-9837-3857-73475,"Dec 29, 2018",5:19:37 AM PST,,Google fee,,Unlock all the itineraries and audioguides (Louvre Guide Tours),com.tourblink.louvre,1,buy_all,j5y17lte,KR,인천광역시,405-735,KRW,-1773.00,0.000783,EUR,-1.39
GPA.3348-0814-3288-22181,"Dec 29, 2018",5:53:01 AM PST,,Charge,,The most important masterpieces+Audioguide (Louvre Guide Tours),com.tourblink.louvre,1,audioguide_itinerary1_new,G8142,SG,,,SGD,4.98,0.639550,EUR,3.18
GPA.3348-0814-3288-22181,"Dec 29, 2018",5:53:01 AM PST,,Google fee,,The most important masterpieces+Audioguide (Louvre Guide Tours),com.tourblink.louvre,1,audioguide_itinerary1_new,G8142,SG,,,SGD,-1.49,0.639550,EUR,-0.95
GPA.3347-7537-0017-50123,"Dec 29, 2018",5:56:39 AM PST,,Charge,,Orsay en 3 horas (Orsay Museum Guide Tours),com.tourblink.museeorsay,1,itinerary_one,blueline,KR,서울특별시,06975,KRW,3636.00,0.000783,EUR,2.85
GPA.3347-7537-0017-50123,"Dec 29, 2018",5:56:39 AM PST,,Google fee,,Orsay en 3 horas (Orsay Museum Guide Tours),com.tourblink.museeorsay,1,itinerary_one,blueline,KR,서울특별시,06975,KRW,-1091.00,0.000783,EUR,-0.85
GPA.3394-2190-7595-78649,"Dec 29, 2018",6:45:50 AM PST,,Charge,,Orsay en 2 horas+audio (Orsay Museum Guide Tours),com.tourblink.museeorsay,1,audioguide_itinerary2,potter_n,IT,MS,54100,EUR,1.72,1.000000,EUR,1.72
GPA.3364-4821-3847-97397,"Dec 29, 2018",6:59:19 AM PST,,Charge,,The most important masterpieces+Audioguide (Louvre Guide Tours),com.tourblink.louvre,1,audioguide_itinerary1_new,HWCLT,LT,,44486,EUR,1.73,1.000000,EUR,1.73
GPA.3355-6100-5982-75071,"Dec 30, 2018",1:25:17 AM PST,,Charge,,Orsay en 3 horas+audio (Orsay Museum Guide Tours),com.tourblink.museeorsay,1,audioguide_itinerary1,dipper,ES,VALLADOLID,47130,EUR,2.02,1.000000,EUR,2.02
GPA.3393-9303-5704-15575,"Dec 30, 2018",1:27:13 AM PST,,Charge,,Roma monumental (Roma Guide Tours),com.tourblink.roma,1,itinerary_one,herolte,CZ,,16000,CZK,15.04,0.038840,EUR,0.58
GPA.3393-9303-5704-15575,"Dec 30, 2018",1:37:27 AM PST,,Charge refund,Full,Roma monumental (Roma Guide Tours),com.tourblink.roma,1,itinerary_one,herolte,CZ,,16000,CZK,-15.04,0.038840,EUR,-0.58
GPA.3392-7790-1202-28306,"Dec 30, 2018",2:22:47 AM PST,,Charge,,Lo mejor del museo del Prado (El Prado Museum Guide Tours & Audioguide),com.tourblink.museoelprado,1,itinerary_two,HWSTF,IT,VE,30171,EUR,1.14,1.000000,EUR,1.14
GPA.3375-3779-8845-77073,"Dec 30, 2018",4:02:23 AM PST,,Charge,,Buy all (Orsay Museum Guide Tours),com.tourblink.museeorsay,1,buy_all,HWCLT,ES,MADRID,28400,EUR,2.88,1.000000,EUR,2.88
GPA.3323-1107-3551-65603,"Dec 30, 2018",4:02:54 AM PST,,Charge,,Audioguide + Itinerary Louvre in half day (EN) (Louvre Guide Tours),com.tourblink.louvre,1,audioguide_itinerary5_new,HWPRA-H,IT,VR,37134,EUR,2.00,1.000000,EUR,2.00
GPA.3358-4374-4936-02122,"Dec 30, 2018",4:35:07 AM PST,,Charge,,Lo principal del Museo Británico (British Museum Guided Tours),com.tourblink.britishmuseum,1,itinerary_two,HWCLT,IT,FI,50054,EUR,1.14,1.000000,EUR,1.14
GPA.3387-0234-5697-19337,"Dec 30, 2018",4:41:14 AM PST,,Charge,,Unlock all the itineraries and audioguides (Louvre Guide Tours),com.tourblink.louvre,1,buy_all,HWANE,DE,,60439,EUR,2.93,1.000000,EUR,2.93
GPA.3370-4587-0482-46422,"Dec 30, 2018",5:38:36 AM PST,,Charge,,Audioguide + Itinerary Louvre in half day (EN) (Louvre Guide Tours),com.tourblink.louvre,1,audioguide_itinerary5_new,dreamlte,FR,,34090,EUR,2.04,1.000000,EUR,2.04
GPA.3336-2167-7436-51064,"Dec 30, 2018",6:08:44 AM PST,,Charge,,Le Louvre en 60 minutes (Musée du Louvre visites guidées),com.tourblink.louvre,1,itinerary_two_new,OnePlus5,FR,,31170,EUR,0.58,1.000000,EUR,0.58
GPA.3329-1775-5214-31108,"Dec 30, 2018",6:18:36 AM PST,,Charge,,Orsay en 60 minutos (Orsay Museum Guide Tours),com.tourblink.museeorsay,1,itinerary_three,HWPRA-H,FR,,95300,EUR,0.58,1.000000,EUR,0.58
GPA.3311-1702-9454-06133,"Dec 30, 2018",12:01:16 PM PST,,Charge,,Audioguide + Itinerary Louvre in half day (EN) (Louvre Guide Tours),com.tourblink.louvre,1,audioguide_itinerary5_new,dream2lte,ZA,,0699,ZAR,54.99,0.060510,EUR,3.33
GPA.3311-1702-9454-06133,"Dec 30, 2018",12:01:16 PM PST,,Google fee,,Audioguide + Itinerary Louvre in half day (EN) (Louvre Guide Tours),com.tourblink.louvre,1,audioguide_itinerary5_new,dream2lte,ZA,,0699,ZAR,-16.50,0.060510,EUR,-1.00
GPA.3395-8667-6311-21808,"Dec 30, 2018",1:42:50 PM PST,,Charge,,Unlock all the itineraries and audioguides (Louvre Guide Tours),com.tourblink.louvre,1,buy_all,crownlte,AU,,3076,AUD,7.26,0.616230,EUR,4.47
GPA.3395-8667-6311-21808,"Dec 30, 2018",1:42:50 PM PST,,Google fee,,Unlock all the itineraries and audioguides (Louvre Guide Tours),com.tourblink.louvre,1,buy_all,crownlte,AU,,3076,AUD,-2.18,0.616230,EUR,-1.34
GPA.3313-2160-0802-74101,"Dec 31, 2018",12:49:51 AM PST,,Charge,,El Louvre en medio día + Audioguia (Paris Tours Guia),com.tourblink.app,1,audioguide_itinerary5,P653A10,MX,,11500,MXN,79.00,0.044530,EUR,3.52
GPA.3313-2160-0802-74101,"Dec 31, 2018",12:49:51 AM PST,,Google fee,,El Louvre en medio día + Audioguia (Paris Tours Guia),com.tourblink.app,1,audioguide_itinerary5,P653A10,MX,,11500,MXN,-23.70,0.044530,EUR,-1.06
GPA.3303-6696-5576-47913,"Dec 31, 2018",1:32:00 AM PST,,Charge,,The most important masterpieces+Audioguide (Louvre Guide Tours),com.tourblink.louvre,1,audioguide_itinerary1_new,a7y17lte,SV,San Salvador,,USD,3.42,0.873950,EUR,2.99
GPA.3303-6696-5576-47913,"Dec 31, 2018",1:32:00 AM PST,,Google fee,,The most important masterpieces+Audioguide (Louvre Guide Tours),com.tourblink.louvre,1,audioguide_itinerary1_new,a7y17lte,SV,San Salvador,,USD,-1.03,0.873950,EUR,-0.90
GPA.3376-7576-7648-09620,"Dec 31, 2018",2:18:54 AM PST,,Charge,,Lo principal del Museo Británico (British Museum Guided Tours),com.tourblink.britishmuseum,1,itinerary_two,capricorn,ES,ALICANTE,03540,EUR,1.15,1.000000,EUR,1.15
GPA.3307-5663-2044-27152,"Dec 31, 2018",2:23:33 AM PST,,Charge,,Buy all (Vatican Museums Guide Tour),com.tourblink.vaticanmuseums,1,buy_all,NX531J,IT,MI,20135,EUR,2.86,1.000000,EUR,2.86
GPA.3316-1753-2292-26967,"Dec 31, 2018",2:24:42 AM PST,,Charge,,Lo principal del Museo Británico (British Museum Guided Tours),com.tourblink.britishmuseum,1,itinerary_two,dreamlte,FR,,67200,EUR,1.16,1.000000,EUR,1.16
GPA.3302-8752-8996-21819,"Dec 31, 2018",2:44:39 AM PST,,Charge,,The most important masterpieces+Audioguide (Louvre Guide Tours),com.tourblink.louvre,1,audioguide_itinerary1_new,dream2lte,CO,BOGOTÁ,110131,COP,10000.00,0.000269,EUR,2.69
GPA.3302-8752-8996-21819,"Dec 31, 2018",2:44:39 AM PST,,Google fee,,The most important masterpieces+Audioguide (Louvre Guide Tours),com.tourblink.louvre,1,audioguide_itinerary1_new,dream2lte,CO,BOGOTÁ,110131,COP,-3000.00,0.000269,EUR,-0.81
GPA.3325-5806-3867-86757,"Dec 31, 2018",3:10:45 AM PST,,Charge,,Unlock all the itineraries and audioguides (Louvre Guide Tours),com.tourblink.louvre,1,buy_all,OnePlus,HR,,43000,HRK,20.72,0.134860,EUR,2.79
GPA.3320-8626-3500-34773,"Dec 31, 2018",3:19:26 AM PST,,Charge,,Unlock all the itineraries and audioguides (Louvre Guide Tours),com.tourblink.louvre,1,buy_all,a5y17lte,GB,LINCOLNSHIRE,PE12 9RF,GBP,2.91,1.114000,EUR,3.24
GPA.3309-2570-5953-03912,"Dec 31, 2018",3:20:57 AM PST,,Charge,,Unlock all the itineraries and audioguides (Louvre Guide Tours),com.tourblink.louvre,1,buy_all,HWANE,HR,,43000,HRK,20.72,0.134860,EUR,2.79
GPA.3386-3509-9386-31319,"Dec 31, 2018",3:40:48 AM PST,,Charge,,Audioguide + Itinerary Louvre in half day (EN) (Louvre Guide Tours),com.tourblink.louvre,1,audioguide_itinerary5_new,HWFLA-H,MX,NL,67300,MXN,79.00,0.044529,EUR,3.52
GPA.3386-3509-9386-31319,"Dec 31, 2018",3:40:48 AM PST,,Google fee,,Audioguide + Itinerary Louvre in half day (EN) (Louvre Guide Tours),com.tourblink.louvre,1,audioguide_itinerary5_new,HWFLA-H,MX,NL,67300,MXN,-23.70,0.044529,EUR,-1.06
GPA.3385-4554-5732-37899,"Dec 31, 2018",4:30:27 AM PST,,Charge,,El Retiro al completo (Madrid Guide Tours),com.tourblink.madrid,1,itinerary_fifth,j5xnlte,BE,,9000,EUR,1.15,1.000000,EUR,1.15
GPA.3343-6463-6539-81948,"Dec 31, 2018",5:14:53 AM PST,,Charge,,Visita express del Museo Británico (British Museum Guided Tours),com.tourblink.britishmuseum,1,itinerary_one,heroqltevzw,US,MA,02466,USD,1.49,0.873200,EUR,1.30
GPA.3343-6463-6539-81948,"Dec 31, 2018",5:14:53 AM PST,,Google fee,,Visita express del Museo Británico (British Museum Guided Tours),com.tourblink.britishmuseum,1,itinerary_one,heroqltevzw,US,MA,02466,USD,-0.45,0.873200,EUR,-0.39
GPA.3343-6463-6539-81948,"Dec 31, 2018",5:14:53 AM PST,Third-party Tax,Tax,,Visita express del Museo Británico (British Museum Guided Tours),com.tourblink.britishmuseum,1,itinerary_one,heroqltevzw,US,MA,02466,USD,0.09,0.873200,EUR,0.08
GPA.3301-6668-8317-07978,"Dec 31, 2018",5:17:09 AM PST,,Charge,,Visita express del Museo Británico (British Museum Guided Tours),com.tourblink.britishmuseum,1,itinerary_one,herolte,ES,CIUDAD REAL,13195,EUR,0.57,1.000000,EUR,0.57
GPA.3360-4104-6496-96121,"Dec 31, 2018",5:19:18 AM PST,,Charge,,Lo principal del Museo Británico (British Museum Guided Tours),com.tourblink.britishmuseum,1,itinerary_two,heroqltevzw,US,MA,02466,USD,2.49,0.873200,EUR,2.17
GPA.3360-4104-6496-96121,"Dec 31, 2018",5:19:18 AM PST,,Google fee,,Lo principal del Museo Británico (British Museum Guided Tours),com.tourblink.britishmuseum,1,itinerary_two,heroqltevzw,US,MA,02466,USD,-0.75,0.873200,EUR,-0.65
GPA.3360-4104-6496-96121,"Dec 31, 2018",5:19:18 AM PST,Third-party Tax,Tax,,Lo principal del Museo Británico (British Museum Guided Tours),com.tourblink.britishmuseum,1,itinerary_two,heroqltevzw,US,MA,02466,USD,0.16,0.873200,EUR,0.14
GPA.3359-1852-7317-91412,"Dec 31, 2018",5:25:14 AM PST,,Charge,,Lo principal del Museo Británico (British Museum Guided Tours),com.tourblink.britishmuseum,1,itinerary_two,D2303,GB,MIDLOTHIAN,EH13 0JT,GBP,1.16,1.114900,EUR,1.29
GPA.3319-4649-2884-51370,"Dec 31, 2018",5:45:50 AM PST,,Charge,,The most important masterpieces (Louvre Guide Tours),com.tourblink.louvre,1,itinerary_one_new,OnePlus6T,CH,,8057,CHF,2.30,0.887710,EUR,2.04
GPA.3319-4649-2884-51370,"Dec 31, 2018",5:45:50 AM PST,,Google fee,,The most important masterpieces (Louvre Guide Tours),com.tourblink.louvre,1,itinerary_one_new,OnePlus6T,CH,,8057,CHF,-0.69,0.887710,EUR,-0.61
GPA.3379-1131-5087-75203,"Dec 31, 2018",8:34:34 AM PST,,Charge,,Montmartre (Louvre Guide Tours),com.tourblink.louvre,1,itinerary_eight,HWPRA-H,IT,VR,37134,EUR,0.57,1.000000,EUR,0.57
